-0.10678,-0.74743,-0.57659,-0.87557,-1.1959,-0.13881,-0.35236,0.10678,-0.35236,-0.65134,-0.30965,-0.64066,-0.70472,-0.58727,-0.21355,-0.43778,0.64066,0.39507,0.18152,0.56591,0.35236,0.54456,0.65134,0.59795,-0.44846,0.64066,0.96099,0.34168,0.62998,1.0571,-0.10678,0.39507,0.25626,0.064066,-1.2279,-0.5232,-0.37372,-0.064066,-0.36304,0.51253,0.20287,0.042711
0.021355,-0.7154,-0.53388,-0.97166,-1.26,-0.11745,-0.43778,0.085421,-0.36304,-0.6193,-0.30965,-0.59795,-0.62998,-0.6193,-0.23491,-0.46982,0.6193,0.35236,0.25626,0.55524,0.38439,0.49117,0.65134,0.6193,-0.46982,0.65134,1.0144,0.40575,0.64066,1.0037,-0.074743,0.36304,0.2883,0.11745,-1.2386,-0.62998,-0.41643,-0.17084,-0.30965,0.46982,0.17084,0.010678
-0.032033,-0.7154,-0.51253,-0.92895,-1.2386,-0.13881,-0.37372,0.10678,-0.33101,-0.58727,-0.29897,-0.64066,-0.69405,-0.64066,-0.23491,-0.5232,0.59795,0.41643,0.26694,0.50185,0.35236,0.50185,0.68337,0.58727,-0.45914,0.67269,1.0037,0.36304,0.64066,1.0357,-0.032033,0.38439,0.27762,0.11745,-1.2172,-0.58727,-0.39507,-0.12813,-0.21355,0.25626,0.13881,-0.021355
-0.010678,-0.77947,-0.49117,-0.95031,-1.2386,-0.17084,-0.37372,0.10678,-0.34168,-0.66201,-0.2883,-0.53388,-0.66201,-0.62998,-0.24559,-0.49117,0.6193,0.34168,0.23491,0.58727,0.34168,0.45914,0.60862,0.64066,-0.46982,0.70472,1.0357,0.35236,0.6193,1.0678,-0.085421,0.36304,0.2883,0.085421,-1.2066,-0.55524,-0.42711,-0.053388,-0.14949,0.18152,0.16016,0
0.021355,-0.76879,-0.50185,-0.92895,-1.2706,-0.1922,-0.41643,0.085421,-0.32033,-0.59795,-0.27762,-0.62998,-0.64066,-0.59795,-0.17084,-0.45914,0.58727,0.37372,0.29897,0.49117,0.40575,0.48049,0.66201,0.68337,-0.42711,0.73676,0.99302,0.36304,0.66201,0.99302,-0.042711,0.39507,0.30965,0.16016,-1.1425,-0.60862,-0.39507,-0.053388,-0.24559,0.22423,0.1922,0.16016
0.010678,-0.77947,-0.51253,-0.9076,-1.2172,-0.17084,-0.43778,0.12813,-0.41643,-0.72608,-0.2883,-0.66201,-0.58727,-0.6193,-0.17084,-0.51253,0.55524,0.30965,0.2883,0.49117,0.33101,0.43778,0.6193,0.6193,-0.48049,0.69405,1.0571,0.34168,0.64066,0.99302,-0.053388,0.41643,0.34168,0.12813,-1.1852,-0.58727,-0.36304,-0.074743,-0.22423,0.25626,0.14949,0.32033
0,-0.8115,-0.62998,-0.99302,-1.2386,-0.16016,-0.44846,0.11745,-0.38439,-0.66201,-0.26694,-0.59795,-0.64066,-0.6193,-0.23491,-0.50185,0.53388,0.37372,0.2883,0.55524,0.24559,0.46982,0.60862,0.58727,-0.45914,0.69405,0.98234,0.38439,0.64066,1.0678,-0.010678,0.41643,0.27762,0.14949,-1.1639,-0.57659,-0.29897,-0.085421,-0.26694,0.35236,0.17084,0.26694
-0.021355,-0.7154,-0.6193,-0.97166,-1.1959,-0.12813,-0.39507,0.14949,-0.38439,-0.66201,-0.30965,-0.60862,-0.59795,-0.58727,-0.22423,-0.51253,0.55524,0.32033,0.35236,0.50185,0.38439,0.46982,0.6193,0.64066,-0.46982,0.72608,1.0144,0.27762,0.54456,1.0037,-0.064066,0.43778,0.27762,0.096099,-1.1639,-0.56591,-0.41643,-0.096099,-0.22423,0.33101,0.14949,0.18152
0.010678,-0.69405,-0.6193,-1.0357,-1.2386,-0.17084,-0.40575,0.13881,-0.38439,-0.64066,-0.33101,-0.57659,-0.58727,-0.62998,-0.25626,-0.5232,0.56591,0.37372,0.24559,0.54456,0.32033,0.50185,0.59795,0.56591,-0.44846,0.70472,1.0357,0.35236,0.64066,0.99302,-0.096099,0.39507,0.2883,0.10678,-1.2386,-0.58727,-0.37372,-0.032033,-0.2883,0.34168,0.14949,0.16016
0.053388,-0.75811,-0.58727,-0.87557,-1.2386,-0.13881,-0.39507,0.074743,-0.34168,-0.6193,-0.39507,-0.56591,-0.66201,-0.6193,-0.1922,-0.51253,0.59795,0.2883,0.2883,0.49117,0.32033,0.45914,0.65134,0.6193,-0.40575,0.72608,1.0571,0.34168,0.56591,0.99302,-0.10678,0.39507,0.25626,0.11745,-1.2386,-0.53388,-0.34168,-0.042711,-0.21355,0.36304,0.12813,0.16016
0.032033,-0.70472,-0.56591,-0.93963,-1.1959,-0.12813,-0.27762,0.1922,-0.34168,-0.66201,-0.34168,-0.56591,-0.66201,-0.66201,-0.21355,-0.45914,0.57659,0.38439,0.27762,0.49117,0.26694,0.44846,0.59795,0.64066,-0.51253,0.72608,1.0784,0.34168,0.56591,1.0144,-0.085421,0.41643,0.29897,0.12813,-1.1639,-0.54456,-0.34168,-0.11745,-0.22423,0.40575,0.20287,0.16016
-0.010678,-0.70472,-0.57659,-0.9076,-1.1745,-0.1922,-0.35236,0.12813,-0.40575,-0.64066,-0.33101,-0.65134,-0.67269,-0.59795,-0.24559,-0.50185,0.59795,0.2883,0.30965,0.49117,0.30965,0.49117,0.60862,0.6193,-0.43778,0.79014,1.1318,0.39507,0.56591,0.92895,-0.11745,0.42711,0.18152,0.096099,-1.2172,-0.58727,-0.35236,-0.24559,-0.17084,0.35236,0.22423,0.18152
0.010678,-0.73676,-0.60862,-0.9076,-1.2066,-0.085421,-0.46982,0.11745,-0.35236,-0.68337,-0.2883,-0.77947,-0.66201,-0.72608,-0.23491,-0.51253,0.58727,0.42711,0.32033,0.5232,0.35236,0.44846,0.65134,0.68337,-0.46982,0.69405,1.0678,0.40575,0.65134,1.0251,-0.13881,0.36304,0.27762,0.11745,-1.2066,-0.54456,-0.42711,-0.18152,-0.25626,0.33101,0.22423,0.12813
-0.053388,-0.80082,-0.55524,-0.98234,-1.1425,-0.085421,-0.33101,0.21355,-0.33101,-0.62998,-0.32033,-0.77947,-0.69405,-0.84353,-0.18152,-0.39507,0.58727,0.39507,0.2883,0.57659,0.38439,0.43778,0.67269,0.59795,-0.44846,0.74743,1.0998,0.34168,0.68337,1.0678,-0.096099,0.51253,0.26694,0.13881,-1.1745,-0.51253,-0.36304,-0.11745,-0.18152,0.34168,0.18152,0.11745
0,-0.74743,-0.57659,-0.91828,-1.2172,-0.085421,-0.43778,0.16016,-0.34168,-0.59795,-0.27762,-0.70472,-0.67269,-0.82218,-0.20287,-0.42711,0.55524,0.33101,0.36304,0.5232,0.36304,0.50185,0.54456,0.6193,-0.38439,0.7154,1.0784,0.33101,0.6193,1.0678,-0.096099,0.55524,0.30965,0.11745,-1.1852,-0.5232,-0.37372,-0.11745,-0.25626,0.37372,0.1922,0.10678
0.053388,-0.79014,-0.56591,-0.85421,-1.1639,-0.12813,-0.34168,0.17084,-0.32033,-0.60862,-0.32033,-0.66201,-0.59795,-0.7154,-0.16016,-0.48049,0.59795,0.36304,0.38439,0.51253,0.29897,0.44846,0.62998,0.67269,-0.44846,0.75811,1.1318,0.37372,0.59795,0.98234,-0.11745,0.44846,0.23491,0.10678,-1.1318,-0.56591,-0.32033,-0.085421,-0.23491,0.36304,0.14949,0.11745
0,-0.7154,-0.57659,-0.79014,-1.2279,-0.13881,-0.32033,0.14949,-0.34168,-0.62998,-0.33101,-0.72608,-0.66201,-0.68337,-0.17084,-0.44846,0.6193,0.42711,0.34168,0.5232,0.38439,0.43778,0.55524,0.62998,-0.41643,0.75811,1.0464,0.35236,0.60862,0.96099,-0.074743,0.41643,0.24559,0.12813,-1.1852,-0.5232,-0.36304,-0.16016,-0.23491,0.33101,0.17084,0.11745
0.010678,-0.74743,-0.53388,-0.86489,-1.2066,-0.064066,-0.37372,0.17084,-0.32033,-0.65134,-0.34168,-0.66201,-0.60862,-0.7154,-0.20287,-0.45914,0.57659,0.38439,0.38439,0.5232,0.32033,0.39507,0.51253,0.66201,-0.38439,0.69405,1.1212,0.44846,0.65134,0.99302,-0.10678,0.38439,0.29897,0.16016,-1.1852,-0.57659,-0.35236,-0.11745,-0.22423,0.33101,0.16016,0.085421
0.042711,-0.73676,-0.65134,-0.86489,-1.1105,-0.074743,-0.38439,0.14949,-0.39507,-0.65134,-0.2883,-0.67269,-0.67269,-0.68337,-0.17084,-0.45914,0.62998,0.39507,0.40575,0.48049,0.2883,0.40575,0.6193,0.64066,-0.40575,0.75811,1.1212,0.44846,0.59795,1.0037,-0.053388,0.44846,0.29897,0.12813,-1.1105,-0.56591,-0.33101,-0.17084,-0.25626,0.34168,0.1922,0.10678
0,-0.72608,-0.54456,-0.93963,-1.1639,-0.10678,-0.37372,0.17084,-0.39507,-0.62998,-0.2883,-0.69405,-0.64066,-0.73676,-0.20287,-0.50185,0.62998,0.41643,0.37372,0.51253,0.36304,0.43778,0.59795,0.60862,-0.41643,0.7154,1.1532,0.39507,0.59795,0.99302,-0.042711,0.44846,0.32033,0.10678,-1.1532,-0.56591,-0.40575,-0.11745,-0.18152,0.32033,0.1922,0.12813
0.021355,-0.73676,-0.58727,-0.88624,-1.1318,-0.085421,-0.39507,0.17084,-0.36304,-0.6193,-0.27762,-0.67269,-0.64066,-0.69405,-0.1922,-0.44846,0.59795,0.41643,0.39507,0.54456,0.27762,0.41643,0.54456,0.68337,-0.39507,0.79014,1.0464,0.44846,0.66201,1.0037,-0.18152,0.42711,0.32033,0.12813,-1.1745,-0.49117,-0.34168,-0.12813,-0.25626,0.38439,0.18152,0.16016
0.010678,-0.69405,-0.6193,-0.9076,-1.1532,-0.085421,-0.33101,0.12813,-0.38439,-0.60862,-0.39507,-0.65134,-0.57659,-0.73676,-0.1922,-0.45914,0.62998,0.38439,0.40575,0.42711,0.32033,0.42711,0.64066,0.67269,-0.44846,0.68337,1.0678,0.35236,0.60862,0.92895,-0.085421,0.44846,0.33101,0.10678,-1.1425,-0.55524,-0.30965,-0.11745,-0.21355,0.35236,0.22423,0.096099
0.010678,-0.7154,-0.56591,-0.86489,-1.1852,-0.10678,-0.34168,0.16016,-0.37372,-0.53388,-0.37372,-0.64066,-0.66201,-0.68337,-0.24559,-0.54456,0.56591,0.40575,0.41643,0.45914,0.2883,0.43778,0.69405,0.69405,-0.38439,0.79014,1.1105,0.41643,0.66201,0.96099,-0.085421,0.37372,0.25626,0.096099,-1.2066,-0.48049,-0.35236,-0.12813,-0.18152,0.33101,0.16016,0.12813
0.032033,-0.74743,-0.55524,-0.87557,-1.2172,-0.096099,-0.36304,0.13881,-0.32033,-0.57659,-0.32033,-0.72608,-0.67269,-0.69405,-0.25626,-0.50185,0.58727,0.36304,0.34168,0.55524,0.26694,0.42711,0.65134,0.72608,-0.38439,0.73676,1.1425,0.42711,0.67269,1.0251,-0.17084,0.43778,0.25626,0.10678,-1.2066,-0.5232,-0.35236,-0.085421,-0.20287,0.35236,0.21355,0.085421
0.010678,-0.75811,-0.6193,-0.82218,-1.1532,-0.085421,-0.38439,0.096099,-0.33101,-0.51253,-0.29897,-0.64066,-0.62998,-0.64066,-0.1922,-0.45914,0.58727,0.39507,0.37372,0.50185,0.34168,0.44846,0.69405,0.7154,-0.35236,0.74743,1.1639,0.36304,0.67269,1.0144,-0.11745,0.40575,0.25626,0.13881,-1.1212,-0.54456,-0.39507,-0.14949,-0.20287,0.33101,0.26694,0.064066
-0.042711,-0.74743,-0.60862,-0.84353,-1.2493,-0.096099,-0.38439,0.17084,-0.36304,-0.59795,-0.2883,-0.68337,-0.64066,-0.68337,-0.20287,-0.42711,0.58727,0.34168,0.42711,0.57659,0.33101,0.48049,0.55524,0.69405,-0.36304,0.72608,1.1852,0.41643,0.70472,1.0678,-0.14949,0.36304,0.25626,0.085421,-1.1852,-0.53388,-0.41643,-0.074743,-0.25626,0.34168,0.25626,0.12813
-0.010678,-0.80082,-0.59795,-0.84353,-1.1852,-0.074743,-0.33101,0.16016,-0.35236,-0.60862,-0.2883,-0.68337,-0.62998,-0.68337,-0.23491,-0.42711,0.54456,0.42711,0.42711,0.48049,0.32033,0.46982,0.62998,0.69405,-0.38439,0.74743,1.1425,0.37372,0.65134,1.0357,-0.10678,0.37372,0.21355,0.17084,-1.2172,-0.57659,-0.37372,-0.074743,-0.32033,0.36304,0.16016,0.12813
-0.053388,-0.73676,-0.55524,-0.85421,-1.1959,-0.12813,-0.35236,0.20287,-0.35236,-0.58727,-0.27762,-0.75811,-0.60862,-0.67269,-0.16016,-0.49117,0.56591,0.41643,0.42711,0.49117,0.25626,0.39507,0.64066,0.64066,-0.32033,0.66201,1.0998,0.38439,0.68337,1.0144,-0.085421,0.36304,0.21355,0.064066,-1.1745,-0.57659,-0.2883,-0.13881,-0.26694,0.33101,0.21355,0.053388
0.042711,-0.72608,-0.57659,-0.84353,-1.1639,-0.074743,-0.37372,0.16016,-0.36304,-0.62998,-0.25626,-0.69405,-0.60862,-0.76879,-0.16016,-0.56591,0.50185,0.41643,0.38439,0.43778,0.37372,0.43778,0.64066,0.65134,-0.33101,0.76879,1.1425,0.36304,0.64066,0.99302,-0.032033,0.36304,0.23491,0.18152,-1.1959,-0.50185,-0.29897,-0.16016,-0.21355,0.29897,0.23491,0.12813
0.010678,-0.80082,-0.56591,-0.86489,-1.2066,-0.032033,-0.38439,0.12813,-0.34168,-0.68337,-0.27762,-0.64066,-0.6193,-0.68337,-0.21355,-0.53388,0.5232,0.38439,0.40575,0.49117,0.30965,0.44846,0.65134,0.60862,-0.37372,0.67269,1.0998,0.37372,0.6193,0.95031,-0.074743,0.39507,0.26694,0.10678,-1.1852,-0.5232,-0.36304,-0.053388,-0.26694,0.30965,0.22423,0.13881
-0.053388,-0.77947,-0.66201,-0.82218,-1.1852,-0.085421,-0.38439,0.16016,-0.34168,-0.64066,-0.26694,-0.70472,-0.59795,-0.6193,-0.21355,-0.51253,0.54456,0.40575,0.44846,0.45914,0.30965,0.44846,0.67269,0.62998,-0.32033,0.75811,1.1105,0.33101,0.60862,0.99302,-0.074743,0.39507,0.23491,0.14949,-1.1745,-0.51253,-0.35236,-0.13881,-0.25626,0.29897,0.20287,0.074743
0.032033,-0.74743,-0.58727,-0.87557,-1.1212,-0.074743,-0.38439,0.11745,-0.36304,-0.56591,-0.33101,-0.70472,-0.51253,-0.66201,-0.23491,-0.51253,0.57659,0.36304,0.41643,0.40575,0.29897,0.50185,0.6193,0.72608,-0.33101,0.73676,1.0891,0.46982,0.62998,1.0144,-0.11745,0.32033,0.26694,0.16016,-1.1959,-0.59795,-0.34168,-0.18152,-0.21355,0.36304,0.17084,0.096099
-0.032033,-0.72608,-0.62998,-0.83285,-1.1852,-0.096099,-0.40575,0.12813,-0.2883,-0.48049,-0.33101,-0.64066,-0.62998,-0.65134,-0.23491,-0.51253,0.58727,0.42711,0.37372,0.43778,0.36304,0.48049,0.69405,0.67269,-0.38439,0.7154,1.0784,0.36304,0.64066,0.92895,-0.13881,0.36304,0.16016,0.064066,-1.1745,-0.50185,-0.37372,-0.096099,-0.25626,0.39507,0.14949,0.064066
-0.021355,-0.70472,-0.58727,-0.85421,-1.1532,-0.085421,-0.2883,0.13881,-0.38439,-0.35236,-0.37372,-0.66201,-0.56591,-0.68337,-0.25626,-0.49117,0.54456,0.42711,0.39507,0.40575,0.33101,0.46982,0.58727,0.62998,-0.33101,0.74743,1.1425,0.40575,0.65134,0.98234,-0.021355,0.34168,0.1922,0.11745,-1.1959,-0.55524,-0.34168,-0.053388,-0.27762,0.40575,0.18152,0.1922
0.053388,-0.80082,-0.6193,-0.82218,-1.2386,-0.053388,-0.36304,0.17084,-0.33101,-0.44846,-0.24559,-0.69405,-0.58727,-0.59795,-0.23491,-0.5232,0.58727,0.37372,0.35236,0.49117,0.32033,0.44846,0.62998,0.73676,-0.33101,0.76879,1.2172,0.38439,0.57659,0.97166,-0.10678,0.36304,0.22423,0.12813,-1.2493,-0.53388,-0.35236,-0.12813,-0.22423,0.36304,0.23491,0.10678
0.032033,-0.73676,-0.60862,-0.85421,-1.2493,-0.10678,-0.35236,0.12813,-0.33101,-0.41643,-0.32033,-0.68337,-0.65134,-0.69405,-0.21355,-0.45914,0.60862,0.34168,0.37372,0.48049,0.37372,0.51253,0.68337,0.69405,-0.30965,0.79014,1.1532,0.30965,0.67269,0.96099,-0.23491,0.33101,0.24559,0.13881,-1.2066,-0.51253,-0.35236,-0.14949,-0.23491,0.33101,0.21355,0.13881
0.032033,-0.72608,-0.54456,-0.86489,-1.1318,-0.096099,-0.26694,0.12813,-0.36304,-0.44846,-0.26694,-0.65134,-0.70472,-0.66201,-0.23491,-0.49117,0.57659,0.39507,0.48049,0.46982,0.33101,0.54456,0.74743,0.68337,-0.29897,0.75811,1.1639,0.39507,0.66201,0.98234,-0.23491,0.29897,0.21355,0.074743,-1.2172,-0.55524,-0.35236,-0.096099,-0.25626,0.33101,0.21355,0.042711
0.074743,-0.69405,-0.57659,-0.77947,-1.2172,-0.096099,-0.33101,0.17084,-0.37372,-0.45914,-0.30965,-0.68337,-0.66201,-0.56591,-0.18152,-0.49117,0.55524,0.41643,0.41643,0.51253,0.33101,0.50185,0.79014,0.51253,-0.29897,0.73676,1.0998,0.39507,0.70472,1.0037,-0.1922,0.36304,0.21355,0.10678,-1.1318,-0.57659,-0.29897,-0.096099,-0.23491,0.32033,0.26694,0.064066
0.032033,-0.68337,-0.58727,-0.85421,-1.3027,-0.096099,-0.32033,0.14949,-0.38439,-0.44846,-0.29897,-0.68337,-0.65134,-0.62998,-0.20287,-0.49117,0.59795,0.40575,0.38439,0.45914,0.30965,0.51253,0.72608,0.39507,-0.26694,0.73676,1.1532,0.37372,0.65134,1.0464,-0.18152,0.40575,0.23491,0.13881,-1.1639,-0.6193,-0.36304,-0.12813,-0.21355,0.34168,0.23491,0.042711
0,-0.7154,-0.59795,-0.76879,-1.3027,-0.064066,-0.40575,0.11745,-0.35236,-0.48049,-0.34168,-0.67269,-0.67269,-0.62998,-0.32033,-0.46982,0.6193,0.42711,0.43778,0.42711,0.37372,0.51253,0.65134,0.36304,-0.34168,0.69405,1.1318,0.41643,0.64066,1.0037,-0.085421,0.42711,0.20287,0.11745,-1.1425,-0.5232,-0.34168,-0.10678,-0.23491,0.37372,0.17084,0.11745
-0.032033,-0.77947,-0.57659,-0.80082,-1.3347,-0.096099,-0.38439,0.18152,-0.30965,-0.5232,-0.32033,-0.65134,-0.64066,-0.68337,-0.39507,-0.46982,0.54456,0.36304,0.39507,0.2883,0.32033,0.48049,0.66201,0.36304,-0.2883,0.79014,1.1639,0.34168,0.60862,1.0464,-0.064066,0.41643,0.33101,-0.053388,-1.1425,-0.54456,-0.30965,-0.14949,-0.20287,0.35236,0.25626,0.096099
-0.010678,-0.75811,-0.58727,-0.79014,-1.3561,-0.074743,-0.34168,0.16016,-0.34168,-0.55524,-0.30965,-0.70472,-0.64066,-0.66201,-0.38439,-0.46982,0.60862,0.34168,0.35236,0.27762,0.32033,0.46982,0.72608,0.38439,-0.29897,0.75811,1.0678,0.32033,0.58727,0.92895,-0.16016,0.35236,0.37372,-0.27762,-1.2172,-0.54456,-0.30965,-0.18152,-0.18152,0.42711,0.25626,0.085421
0.010678,-0.8115,-0.58727,-0.83285,-1.2066,-0.096099,-0.27762,0.096099,-0.32033,-0.48049,-0.30965,-0.69405,-0.64066,-0.64066,-0.41643,-0.5232,0.64066,0.38439,0.40575,0.30965,0.37372,0.46982,0.74743,0.45914,-0.32033,0.83285,1.1105,0.37372,0.57659,0.93963,-0.16016,0.38439,0.2883,-0.2883,-1.1959,-0.46982,-0.35236,-0.085421,-0.22423,0.38439,0.23491,0.10678
0.021355,-0.76879,-0.6193,-0.82218,-1.2386,-0.021355,-0.34168,0.074743,-0.43778,-0.42711,-0.30965,-0.62998,-0.60862,-0.60862,-0.36304,-0.51253,0.54456,0.40575,0.43778,0.38439,0.29897,0.49117,0.73676,0.41643,-0.39507,0.80082,1.1105,0.43778,0.58727,0.93963,-0.12813,0.36304,0.13881,-0.24559,-1.1852,-0.55524,-0.36304,-0.17084,-0.27762,0.45914,0.17084,0.12813
0.085421,-0.79014,-0.59795,-0.82218,-1.2706,-0.021355,-0.35236,0.12813,-0.36304,-0.44846,-0.36304,-0.64066,-0.64066,-0.70472,-0.35236,-0.56591,0.64066,0.39507,0.35236,0.33101,0.20287,0.56591,0.75811,0.45914,-0.34168,0.68337,1.1105,0.49117,0.68337,0.95031,-0.053388,0.37372,0.14949,-0.17084,-1.1959,-0.56591,-0.35236,-0.13881,-0.1922,0.34168,0.25626,0.074743
0.042711,-0.77947,-0.59795,-0.83285,-1.3133,-0.11745,-0.25626,0.10678,-0.43778,-0.46982,-0.36304,-0.65134,-0.69405,-0.66201,-0.36304,-0.50185,0.59795,0.38439,0.33101,0.5232,0.17084,0.51253,0.67269,0.39507,-0.2883,0.62998,1.0998,0.42711,0.59795,0.93963,-0.22423,0.32033,0.18152,-0.11745,-1.2066,-0.5232,-0.33101,-0.096099,-0.1922,0.37372,0.23491,0.10678
0.042711,-0.80082,-0.58727,-0.8115,-1.2279,-0.16016,-0.30965,0.17084,-0.45914,-0.50185,-0.27762,-0.66201,-0.57659,-0.58727,-0.34168,-0.49117,0.66201,0.40575,0.42711,0.42711,0.16016,0.37372,0.73676,0.49117,-0.2883,0.68337,1.1318,0.38439,0.57659,0.97166,-0.096099,0.34168,0.14949,-0.10678,-1.2172,-0.48049,-0.36304,-0.11745,-0.25626,0.39507,0.24559,0.032033
0.042711,-0.82218,-0.60862,-0.80082,-1.292,-0.10678,-0.30965,0.13881,-0.40575,-0.46982,-0.27762,-0.60862,-0.64066,-0.73676,-0.34168,-0.48049,0.64066,0.43778,0.45914,0.40575,0.26694,0.44846,0.68337,0.43778,-0.26694,0.69405,1.1212,0.40575,0.60862,1.0357,-0.096099,0.40575,0.096099,-0.12813,-1.2066,-0.56591,-0.36304,-0.074743,-0.1922,0.33101,0.21355,0.064066
0.064066,-0.72608,-0.58727,-0.77947,-1.3133,-0.042711,-0.34168,0.11745,-0.32033,-0.45914,-0.30965,-0.69405,-0.57659,-0.69405,-0.36304,-0.48049,0.66201,0.43778,0.41643,0.43778,0.2883,0.59795,0.70472,0.41643,-0.20287,0.72608,1.1425,0.41643,0.62998,0.99302,-0.10678,0.30965,0.085421,-0.085421,-1.1639,-0.60862,-0.39507,-0.074743,-0.20287,0.34168,0.22423,0.042711
0.074743,-0.75811,-0.58727,-0.79014,-1.2813,-0.12813,-0.35236,0.13881,-0.35236,-0.51253,-0.2883,-0.62998,-0.67269,-0.65134,-0.37372,-0.42711,0.64066,0.44846,0.42711,0.45914,0.2883,0.57659,0.69405,0.44846,-0.16016,0.67269,1.1212,0.37372,0.60862,0.98234,-0.064066,0.33101,0.042711,-0.042711,-1.1852,-0.58727,-0.38439,-0.11745,-0.20287,0.32033,0.22423,0.010678
0.021355,-0.83285,-0.62998,-0.73676,-1.2813,-0.064066,-0.2883,0.14949,-0.2883,-0.46982,-0.32033,-0.6193,-0.64066,-0.64066,-0.29897,-0.50185,0.5232,0.41643,0.44846,0.44846,0.30965,0.6193,0.70472,0.42711,-0.27762,0.72608,1.1959,0.40575,0.58727,0.96099,-0.12813,0.32033,0.074743,-0.053388,-1.1852,-0.6193,-0.38439,-0.10678,-0.23491,0.36304,0.1922,0.053388
0.096099,-0.80082,-0.55524,-0.72608,-1.292,-0.085421,-0.36304,0.13881,-0.33101,-0.49117,-0.29897,-0.58727,-0.66201,-0.70472,-0.35236,-0.40575,0.59795,0.40575,0.44846,0.50185,0.27762,0.58727,0.68337,0.45914,-0.32033,0.62998,1.1639,0.40575,0.53388,1.0251,-0.074743,0.46982,0.085421,-0.085421,-1.2279,-0.53388,-0.32033,-0.16016,-0.20287,0.29897,0.18152,0.074743
0.042711,-0.73676,-0.6193,-0.79014,-1.3027,-0.10678,-0.35236,0.14949,-0.33101,-0.43778,-0.42711,-0.58727,-0.6193,-0.68337,-0.2883,-0.50185,0.60862,0.32033,0.44846,0.43778,0.33101,0.55524,0.70472,0.44846,-0.39507,0.77947,1.1425,0.40575,0.55524,0.99302,-0.042711,0.36304,0.042711,-0.064066,-1.1959,-0.50185,-0.44846,-0.032033,-0.12813,0.36304,0.1922,0.042711
0.074743,-0.74743,-0.66201,-0.82218,-1.292,-0.053388,-0.34168,0.16016,-0.38439,-0.51253,-0.42711,-0.57659,-0.64066,-0.65134,-0.26694,-0.5232,0.62998,0.27762,0.33101,0.45914,0.33101,0.56591,0.68337,0.34168,-0.35236,0.7154,1.1425,0.5232,0.56591,0.99302,-0.032033,0.39507,0.074743,-0.074743,-1.2066,-0.53388,-0.36304,-0.074743,-0.23491,0.35236,0.1922,0.064066
0,-0.72608,-0.64066,-0.79014,-1.2279,-0.074743,-0.35236,0.12813,-0.33101,-0.48049,-0.49117,-0.57659,-0.66201,-0.67269,-0.34168,-0.48049,0.58727,0.26694,0.45914,0.44846,0.34168,0.65134,0.67269,0.43778,-0.36304,0.72608,1.1639,0.42711,0.53388,1.0037,-0.096099,0.39507,0.12813,-0.096099,-1.1959,-0.41643,-0.34168,-0.16016,-0.21355,0.43778,0.21355,0.12813
0.085421,-0.80082,-0.57659,-0.76879,-1.2813,-0.085421,-0.42711,0.13881,-0.27762,-0.46982,-0.41643,-0.56591,-0.58727,-0.66201,-0.36304,-0.46982,0.60862,0.2883,0.35236,0.44846,0.34168,0.62998,0.72608,0.41643,-0.30965,0.72608,1.1959,0.46982,0.60862,0.99302,-0.053388,0.35236,0.085421,-0.064066,-1.1318,-0.45914,-0.32033,-0.32033,-0.16016,0.38439,0.1922,0.12813
0.096099,-0.73676,-0.64066,-0.76879,-1.292,-0.074743,-0.36304,0.14949,-0.33101,-0.44846,-0.40575,-0.57659,-0.57659,-0.60862,-0.42711,-0.5232,0.64066,0.35236,0.40575,0.48049,0.29897,0.64066,0.74743,0.45914,-0.30965,0.69405,1.2066,0.42711,0.57659,0.97166,-0.042711,0.40575,0.042711,-0.064066,-1.1425,-0.45914,-0.27762,-0.33101,-0.16016,0.37372,0.22423,0.10678
0.10678,-0.80082,-0.66201,-0.69405,-1.3347,-0.14949,-0.37372,0.16016,-0.37372,-0.46982,-0.34168,-0.54456,-0.6193,-0.6193,-0.35236,-0.46982,0.64066,0.32033,0.38439,0.5232,0.36304,0.60862,0.69405,0.54456,-0.30965,0.7154,1.1745,0.42711,0.64066,0.99302,-0.074743,0.37372,0.085421,-0.074743,-1.1639,-0.50185,-0.36304,-0.26694,-0.18152,0.37372,0.25626,0.096099
0.18152,-0.7154,-0.60862,-0.72608,-1.2813,-0.13881,-0.32033,0.14949,-0.27762,-0.48049,-0.36304,-0.59795,-0.66201,-0.59795,-0.36304,-0.48049,0.6193,0.38439,0.41643,0.53388,0.30965,0.68337,0.67269,0.38439,-0.37372,0.70472,1.1639,0.39507,0.6193,1.0891,-0.074743,0.36304,0.064066,-0.12813,-1.2386,-0.50185,-0.42711,-0.20287,-0.17084,0.40575,0.24559,0.053388
0.064066,-0.76879,-0.66201,-0.77947,-1.3027,-0.085421,-0.2883,0.14949,-0.32033,-0.42711,-0.38439,-0.54456,-0.64066,-0.58727,-0.32033,-0.44846,0.60862,0.36304,0.41643,0.43778,0.39507,0.62998,0.77947,0.45914,-0.38439,0.73676,1.1745,0.40575,0.64066,0.98234,-0.032033,0.41643,-0.032033,-0.064066,-1.2172,-0.50185,-0.38439,-0.21355,-0.21355,0.33101,0.21355,0.042711
0.053388,-0.77947,-0.66201,-0.77947,-1.324,-0.13881,-0.35236,0.16016,-0.29897,-0.42711,-0.37372,-0.57659,-0.66201,-0.62998,-0.32033,-0.5232,0.62998,0.33101,0.46982,0.45914,0.34168,0.59795,0.69405,0.43778,-0.34168,0.64066,1.1745,0.39507,0.6193,0.98234,-0.032033,0.43778,0.053388,-0.096099,-1.1425,-0.50185,-0.41643,-0.20287,-0.18152,0.32033,0.1922,0.053388
0.042711,-0.75811,-0.64066,-0.82218,-1.292,-0.064066,-0.29897,0.11745,-0.23491,-0.48049,-0.39507,-0.59795,-0.66201,-0.62998,-0.35236,-0.50185,0.60862,0.35236,0.37372,0.43778,0.37372,0.64066,0.69405,0.46982,-0.35236,0.68337,1.2279,0.38439,0.60862,0.98234,-0.042711,0.39507,0,-0.064066,-1.26,-0.51253,-0.36304,-0.23491,-0.20287,0.36304,0.21355,0.053388
0.10678,-0.75811,-0.64066,-0.79014,-1.2813,0.010678,-0.35236,0.053388,-0.33101,-0.48049,-0.34168,-0.58727,-0.64066,-0.60862,-0.34168,-0.48049,0.64066,0.37372,0.41643,0.45914,0.29897,0.6193,0.64066,0.41643,-0.32033,0.60862,1.1532,0.39507,0.58727,1.0037,-0.042711,0.38439,0.053388,-0.021355,-1.1852,-0.53388,-0.37372,-0.20287,-0.1922,0.38439,0.24559,0.12813
0.10678,-0.75811,-0.58727,-0.77947,-1.3454,-0.021355,-0.37372,0.24559,-0.35236,-0.44846,-0.35236,-0.49117,-0.72608,-0.68337,-0.37372,-0.39507,0.60862,0.33101,0.45914,0.39507,0.34168,0.64066,0.75811,0.44846,-0.29897,0.64066,1.1852,0.36304,0.56591,1.0037,-0.096099,0.44846,-0.010678,-0.032033,-1.1852,-0.49117,-0.41643,-0.22423,-0.16016,0.40575,0.1922,0.11745
0.10678,-0.77947,-0.65134,-0.73676,-1.292,0,-0.34168,0.12813,-0.36304,-0.43778,-0.30965,-0.58727,-0.66201,-0.66201,-0.35236,-0.5232,0.6193,0.25626,0.43778,0.45914,0.44846,0.62998,0.69405,0.39507,-0.34168,0.65134,1.1212,0.40575,0.58727,0.96099,-0.053388,0.55524,0.021355,-0.042711,-1.2172,-0.46982,-0.36304,-0.22423,-0.22423,0.38439,0.22423,0.096099
0.11745,-0.77947,-0.57659,-0.76879,-1.3133,-0.010678,-0.35236,0.13881,-0.2883,-0.49117,-0.30965,-0.57659,-0.57659,-0.6193,-0.33101,-0.42711,0.6193,0.33101,0.43778,0.42711,0.36304,0.66201,0.65134,0.37372,-0.33101,0.56591,1.1212,0.36304,0.57659,0.92895,-0.042711,0.48049,-0.021355,-0.042711,-1.3027,-0.5232,-0.30965,-0.22423,-0.17084,0.39507,0.24559,0.096099
0.096099,-0.66201,-0.60862,-0.77947,-1.2386,0.042711,-0.33101,0.20287,-0.33101,-0.46982,-0.33101,-0.56591,-0.6193,-0.59795,-0.35236,-0.51253,0.6193,0.34168,0.37372,0.43778,0.29897,0.6193,0.72608,0.40575,-0.41643,0.62998,1.1318,0.38439,0.60862,0.76879,-0.074743,0.40575,0.010678,-0.096099,-1.3988,-0.45914,-0.30965,-0.25626,-0.16016,0.34168,0.26694,0.12813
0.11745,-0.7154,-0.64066,-0.82218,-1.3027,-0.032033,-0.37372,0.074743,-0.34168,-0.46982,-0.34168,-0.50185,-0.68337,-0.6193,-0.38439,-0.51253,0.60862,0.30965,0.44846,0.40575,0.33101,0.56591,0.75811,0.39507,-0.35236,0.72608,1.1852,0.44846,0.57659,0.7154,-0.074743,0.38439,-0.021355,-0.085421,-1.3027,-0.50185,-0.38439,-0.22423,-0.16016,0.41643,0.22423,0.032033
0.096099,-0.79014,-0.57659,-0.75811,-1.2706,0.021355,-0.35236,0.17084,-0.29897,-0.45914,-0.41643,-0.60862,-0.66201,-0.64066,-0.37372,-0.42711,0.6193,0.32033,0.39507,0.37372,0.34168,0.67269,0.64066,0.46982,-0.34168,0.67269,1.1852,0.39507,0.65134,0.77947,-0.053388,0.37372,0,-0.053388,-1.3027,-0.49117,-0.35236,-0.20287,-0.18152,0.34168,0.2883,0.11745
0.11745,-0.80082,-0.56591,-0.73676,-1.3454,0.032033,-0.38439,0.12813,-0.37372,-0.42711,-0.36304,-0.50185,-0.66201,-0.6193,-0.43778,-0.48049,0.65134,0.33101,0.42711,0.40575,0.32033,0.60862,0.72608,0.49117,-0.27762,0.70472,1.1639,0.45914,0.62998,0.83285,-0.032033,0.35236,-0.032033,-0.053388,-1.3027,-0.53388,-0.41643,-0.21355,-0.18152,0.36304,0.18152,0.053388
0.085421,-0.73676,-0.66201,-0.80082,-1.3667,-0.010678,-0.2883,0.11745,-0.26694,-0.49117,-0.35236,-0.50185,-0.69405,-0.60862,-0.40575,-0.48049,0.60862,0.30965,0.41643,0.36304,0.36304,0.6193,0.77947,0.45914,-0.33101,0.60862,1.2066,0.39507,0.58727,0.9076,-0.042711,0.33101,-0.010678,-0.16016,-1.292,-0.50185,-0.38439,-0.10678,-0.1922,0.34168,0.21355,0.053388
0.13881,-0.66201,-0.56591,-0.79014,-1.3347,0,-0.30965,0.096099,-0.32033,-0.44846,-0.30965,-0.5232,-0.65134,-0.64066,-0.41643,-0.50185,0.60862,0.32033,0.51253,0.40575,0.36304,0.6193,0.67269,0.49117,-0.29897,0.62998,1.1639,0.35236,0.68337,0.86489,0.010678,0.38439,-0.053388,-0.010678,-1.2706,-0.48049,-0.41643,-0.17084,-0.18152,0.2883,0.21355,0.074743
0.085421,-0.72608,-0.6193,-0.77947,-1.2706,0.042711,-0.29897,0.074743,-0.35236,-0.45914,-0.34168,-0.58727,-0.65134,-0.64066,-0.38439,-0.42711,0.64066,0.29897,0.5232,0.45914,0.41643,0.66201,0.69405,0.39507,-0.30965,0.64066,1.1212,0.43778,0.62998,0.89692,0.032033,0.38439,-0.053388,0.042711,-1.2493,-0.5232,-0.39507,-0.1922,-0.21355,0.33101,0.29897,-0.042711
0.10678,-0.73676,-0.66201,-0.77947,-1.3027,0.010678,-0.30965,0.14949,-0.29897,-0.46982,-0.38439,-0.45914,-0.59795,-0.65134,-0.36304,-0.46982,0.6193,0.27762,0.49117,0.44846,0.40575,0.60862,0.66201,0.45914,-0.33101,0.64066,1.1212,0.43778,0.6193,0.89692,-0.042711,0.40575,-0.032033,-0.021355,-1.2386,-0.46982,-0.40575,-0.1922,-0.18152,0.29897,0.20287,0.11745
0.11745,-0.74743,-0.54456,-0.77947,-1.3027,0.042711,-0.34168,0.096099,-0.29897,-0.45914,-0.33101,-0.55524,-0.60862,-0.55524,-0.35236,-0.40575,0.64066,0.36304,0.45914,0.40575,0.34168,0.57659,0.69405,0.42711,-0.30965,0.64066,1.1425,0.38439,0.58727,0.85421,0.053388,0.39507,-0.074743,-0.010678,-1.2706,-0.51253,-0.33101,-0.23491,-0.16016,0.34168,0.11745,0.010678
0.12813,-0.84353,-0.59795,-0.74743,-1.2706,0.053388,-0.29897,0.16016,-0.36304,-0.43778,-0.33101,-0.49117,-0.65134,-0.64066,-0.36304,-0.53388,0.58727,0.36304,0.49117,0.43778,0.39507,0.55524,0.68337,0.40575,-0.30965,0.60862,1.1425,0.43778,0.58727,0.89692,-0.010678,0.45914,-0.042711,-0.010678,-1.26,-0.51253,-0.45914,-0.32033,-0.11745,0.32033,0.096099,0.021355
0.096099,-0.66201,-0.59795,-0.77947,-1.2706,0,-0.34168,0.16016,-0.36304,-0.45914,-0.38439,-0.53388,-0.6193,-0.59795,-0.32033,-0.46982,0.59795,0.32033,0.51253,0.40575,0.39507,0.59795,0.68337,0.48049,-0.32033,0.60862,1.1959,0.38439,0.6193,0.86489,-0.064066,0.36304,-0.085421,0,-1.2493,-0.46982,-0.41643,-0.1922,-0.22423,0.30965,0.053388,0.064066
0.074743,-0.74743,-0.59795,-0.75811,-1.2706,-0.10678,-0.2883,0.11745,-0.35236,-0.42711,-0.40575,-0.56591,-0.67269,-0.64066,-0.34168,-0.44846,0.68337,0.26694,0.39507,0.41643,0.33101,0.59795,0.73676,0.42711,-0.30965,0.59795,1.0998,0.42711,0.60862,0.87557,-0.064066,0.42711,-0.085421,-0.042711,-1.2706,-0.50185,-0.42711,-0.22423,-0.2883,0.37372,0.032033,0.042711
0.11745,-0.75811,-0.62998,-0.76879,-1.2493,0.010678,-0.33101,0.085421,-0.33101,-0.50185,-0.35236,-0.57659,-0.62998,-0.58727,-0.45914,-0.48049,0.67269,0.33101,0.44846,0.37372,0.42711,0.6193,0.72608,0.48049,-0.27762,0.65134,1.0891,0.40575,0.6193,0.84353,-0.085421,0.39507,-0.021355,-0.010678,-1.292,-0.48049,-0.41643,-0.22423,-0.26694,0.30965,0.021355,0.064066
0.10678,-0.72608,-0.6193,-0.73676,-1.3027,-0.032033,-0.33101,0.12813,-0.33101,-0.5232,-0.37372,-0.50185,-0.59795,-0.64066,-0.38439,-0.45914,0.62998,0.30965,0.43778,0.33101,0.32033,0.65134,0.69405,0.43778,-0.25626,0.68337,1.1639,0.43778,0.66201,0.80082,-0.032033,0.34168,-0.064066,-0.032033,-1.26,-0.42711,-0.39507,-0.21355,-0.17084,0.33101,0.074743,0.010678
0.085421,-0.76879,-0.6193,-0.70472,-1.3027,-0.021355,-0.34168,0.085421,-0.39507,-0.40575,-0.35236,-0.56591,-0.5232,-0.58727,-0.40575,-0.50185,0.6193,0.33101,0.43778,0.43778,0.40575,0.67269,0.76879,0.45914,-0.010678,0.64066,1.1318,0.34168,0.60862,0.80082,-0.053388,0.35236,-0.11745,-0.010678,-1.2813,-0.43778,-0.40575,-0.27762,-0.24559,0.34168,0.10678,0.074743
0.10678,-0.73676,-0.6193,-0.74743,-1.2813,0.064066,-0.27762,0.096099,-0.33101,-0.43778,-0.30965,-0.5232,-0.67269,-0.55524,-0.39507,-0.44846,0.65134,0.23491,0.46982,0.38439,0.41643,0.68337,0.76879,0.45914,0.042711,0.59795,1.1852,0.42711,0.66201,0.85421,-0.010678,0.33101,-0.10678,-0.010678,-1.324,-0.5232,-0.33101,-0.18152,-0.1922,0.37372,0.096099,0.032033
0.16016,-0.75811,-0.62998,-0.64066,-1.292,-0.042711,-0.32033,0.13881,-0.2883,-0.42711,-0.29897,-0.54456,-0.6193,-0.64066,-0.33101,-0.51253,0.66201,0.36304,0.46982,0.41643,0.37372,0.59795,0.73676,0.45914,-0.021355,0.62998,1.1212,0.40575,0.65134,0.88624,-0.053388,0.26694,-0.10678,-0.010678,-1.2706,-0.48049,-0.34168,-0.22423,-0.23491,0.36304,0.085421,-0.010678
0.1922,-0.70472,-0.66201,-0.64066,-1.3133,-0.021355,-0.25626,0.13881,-0.26694,-0.38439,-0.36304,-0.5232,-0.7154,-0.66201,-0.40575,-0.40575,0.60862,0.32033,0.39507,0.41643,0.35236,0.62998,0.7154,0.49117,-0.13881,0.57659,1.1639,0.38439,0.69405,0.84353,-0.010678,0.40575,-0.042711,0.042711,-1.292,-0.48049,-0.42711,-0.20287,-0.22423,0.30965,0.085421,0
0.12813,-0.75811,-0.58727,-0.64066,-1.292,0.021355,-0.2883,0.096099,-0.34168,-0.48049,-0.30965,-0.54456,-0.55524,-0.65134,-0.38439,-0.42711,0.58727,0.32033,0.40575,0.41643,0.44846,0.58727,0.69405,0.49117,-0.17084,0.64066,1.1639,0.41643,0.59795,0.84353,-0.032033,0.37372,-0.11745,0.032033,-1.2813,-0.51253,-0.45914,-0.2883,-0.20287,0.27762,0.064066,-0.064066
0.17084,-0.67269,-0.6193,-0.65134,-1.2813,0.032033,-0.32033,0.11745,-0.2883,-0.51253,-0.34168,-0.46982,-0.59795,-0.62998,-0.35236,-0.46982,0.59795,0.35236,0.46982,0.38439,0.42711,0.58727,0.68337,0.49117,-0.1922,0.59795,1.1105,0.37372,0.64066,0.87557,-0.021355,0.37372,-0.085421,0.021355,-1.2172,-0.48049,-0.42711,-0.2883,-0.23491,0.32033,0.10678,-0.074743
0.085421,-0.72608,-0.62998,-0.67269,-1.2279,0,-0.26694,0.13881,-0.30965,-0.39507,-0.30965,-0.54456,-0.64066,-0.6193,-0.45914,-0.49117,0.60862,0.34168,0.42711,0.40575,0.37372,0.62998,0.72608,0.45914,-0.11745,0.56591,1.1639,0.39507,0.67269,0.86489,-0.021355,0.37372,-0.17084,0.096099,-1.2172,-0.43778,-0.36304,-0.21355,-0.23491,0.23491,0.042711,0.032033
0.074743,-0.7154,-0.60862,-0.64066,-1.3667,0,-0.33101,0.10678,-0.39507,-0.45914,-0.2883,-0.51253,-0.65134,-0.58727,-0.42711,-0.45914,0.67269,0.38439,0.39507,0.37372,0.39507,0.6193,0.68337,0.39507,-0.22423,0.59795,1.0998,0.39507,0.65134,0.88624,0.010678,0.38439,-0.12813,0.042711,-1.2066,-0.48049,-0.37372,-0.23491,-0.29897,0.34168,0.064066,-0.021355
0.064066,-0.74743,-0.68337,-0.65134,-1.3027,0.042711,-0.35236,0.10678,-0.34168,-0.45914,-0.32033,-0.48049,-0.6193,-0.62998,-0.36304,-0.46982,0.68337,0.33101,0.41643,0.43778,0.36304,0.58727,0.69405,0.43778,-0.16016,0.65134,1.0464,0.39507,0.66201,0.82218,0.021355,0.37372,-0.12813,0.021355,-1.2813,-0.50185,-0.34168,-0.24559,-0.20287,0.29897,0.053388,0.032033
0.10678,-0.7154,-0.58727,-0.6193,-1.324,0.042711,-0.29897,0.021355,-0.38439,-0.45914,-0.34168,-0.46982,-0.68337,-0.56591,-0.37372,-0.49117,0.62998,0.32033,0.40575,0.33101,0.36304,0.6193,0.76879,0.43778,-0.16016,0.62998,1.0998,0.41643,0.68337,0.83285,-0.021355,0.41643,-0.096099,0.032033,-1.2279,-0.43778,-0.37372,-0.23491,-0.26694,0.35236,0.10678,0.042711
0.10678,-0.79014,-0.58727,-0.6193,-1.3027,-0.021355,-0.29897,0.032033,-0.33101,-0.44846,-0.36304,-0.51253,-0.6193,-0.57659,-0.46982,-0.46982,0.67269,0.34168,0.39507,0.33101,0.36304,0.57659,0.72608,0.45914,-0.17084,0.56591,1.1532,0.42711,0.65134,0.83285,-0.074743,0.42711,-0.1922,0.10678,-1.2279,-0.50185,-0.40575,-0.24559,-0.22423,0.22423,0.085421,0.064066
0.11745,-0.72608,-0.60862,-0.67269,-1.2813,0.021355,-0.2883,0.12813,-0.33101,-0.45914,-0.39507,-0.50185,-0.66201,-0.57659,-0.38439,-0.54456,0.57659,0.37372,0.35236,0.38439,0.37372,0.57659,0.75811,0.5232,-0.1922,0.56591,1.1105,0.41643,0.7154,0.8115,0.021355,0.40575,-0.18152,0.064066,-1.3133,-0.51253,-0.38439,-0.23491,-0.20287,0.18152,0.085421,0.021355
0.11745,-0.79014,-0.65134,-0.60862,-1.3027,-0.021355,-0.25626,0.11745,-0.38439,-0.42711,-0.30965,-0.42711,-0.67269,-0.6193,-0.37372,-0.48049,0.68337,0.34168,0.40575,0.37372,0.37372,0.67269,0.76879,0.45914,-0.21355,0.58727,1.1852,0.41643,0.65134,0.82218,-0.032033,0.42711,-0.12813,0.042711,-1.2813,-0.48049,-0.30965,-0.27762,-0.21355,0.096099,0.085421,0
0.13881,-0.76879,-0.59795,-0.74743,-1.3667,-0.074743,-0.32033,0.042711,-0.37372,-0.42711,-0.35236,-0.49117,-0.68337,-0.57659,-0.38439,-0.43778,0.65134,0.32033,0.33101,0.38439,0.37372,0.56591,0.77947,0.5232,-0.12813,0.64066,1.0998,0.39507,0.66201,0.84353,-0.021355,0.39507,-0.053388,0.074743,-1.292,-0.46982,-0.43778,-0.1922,-0.22423,0.1922,0.11745,0
0.23491,-0.72608,-0.62998,-0.67269,-1.292,0.021355,-0.34168,0.021355,-0.36304,-0.42711,-0.30965,-0.44846,-0.66201,-0.59795,-0.40575,-0.50185,0.62998,0.2883,0.34168,0.45914,0.38439,0.59795,0.73676,0.48049,-0.17084,0.57659,1.1532,0.38439,0.65134,0.85421,-0.010678,0.41643,0.11745,0.16016,-1.2813,-0.43778,-0.40575,-0.26694,-0.25626,0.25626,0.074743,0
0.11745,-0.75811,-0.62998,-0.65134,-1.292,-0.032033,-0.35236,0.032033,-0.36304,-0.38439,-0.2883,-0.44846,-0.58727,-0.60862,-0.40575,-0.48049,0.55524,0.36304,0.36304,0.43778,0.37372,0.57659,0.75811,0.45914,-0.17084,0.57659,1.1532,0.37372,0.70472,0.82218,0.064066,0.41643,0.074743,0.032033,-1.26,-0.53388,-0.38439,-0.25626,-0.25626,0.25626,0.042711,-0.021355
0.13881,-0.75811,-0.66201,-0.66201,-1.2706,-0.042711,-0.29897,0.010678,-0.35236,-0.42711,-0.41643,-0.50185,-0.59795,-0.65134,-0.33101,-0.43778,0.59795,0.29897,0.39507,0.42711,0.37372,0.62998,0.69405,0.45914,-0.21355,0.58727,1.0891,0.37372,0.7154,0.83285,0.064066,0.39507,0.010678,0.10678,-1.26,-0.50185,-0.43778,-0.21355,-0.23491,0.22423,0.11745,-0.064066
0.14949,-0.69405,-0.65134,-0.68337,-1.3133,-0.010678,-0.23491,0.053388,-0.39507,-0.44846,-0.36304,-0.49117,-0.6193,-0.60862,-0.38439,-0.46982,0.65134,0.29897,0.29897,0.35236,0.44846,0.57659,0.66201,0.53388,-0.17084,0.57659,1.0357,0.42711,0.67269,0.82218,0.064066,0.43778,-0.074743,0.085421,-1.2706,-0.51253,-0.40575,-0.27762,-0.27762,0.25626,0.010678,-0.010678
0.096099,-0.7154,-0.65134,-0.64066,-1.292,0.010678,-0.39507,0.042711,-0.33101,-0.40575,-0.36304,-0.43778,-0.62998,-0.62998,-0.40575,-0.55524,0.64066,0.2883,0.35236,0.35236,0.36304,0.54456,0.77947,0.46982,-0.25626,0.57659,1.0144,0.35236,0.66201,0.85421,0.032033,0.43778,-0.010678,0.064066,-1.2493,-0.43778,-0.37372,-0.24559,-0.22423,0.20287,0.064066,0.021355
0.096099,-0.77947,-0.56591,-0.68337,-1.3454,0.053388,-0.26694,0.042711,-0.37372,-0.43778,-0.39507,-0.39507,-0.62998,-0.6193,-0.41643,-0.53388,0.66201,0.30965,0.35236,0.32033,0.41643,0.56591,0.7154,0.43778,-0.1922,0.64066,1.0357,0.42711,0.67269,0.73676,0,0.44846,-0.010678,0.085421,-1.26,-0.46982,-0.43778,-0.2883,-0.25626,0.24559,0.11745,0.042711
0.053388,-0.74743,-0.60862,-0.62998,-1.3454,-0.042711,-0.33101,0.053388,-0.35236,-0.40575,-0.32033,-0.36304,-0.6193,-0.58727,-0.45914,-0.49117,0.6193,0.32033,0.32033,0.30965,0.34168,0.58727,0.73676,0.44846,-0.22423,0.56591,1.0678,0.39507,0.6193,0.79014,0.032033,0.45914,-0.032033,0.12813,-1.26,-0.42711,-0.37372,-0.27762,-0.21355,0.18152,0.042711,0.085421
0.085421,-0.74743,-0.65134,-0.64066,-1.292,-0.010678,-0.36304,0.042711,-0.35236,-0.38439,-0.33101,-0.30965,-0.65134,-0.55524,-0.41643,-0.5232,0.68337,0.27762,0.35236,0.34168,0.35236,0.56591,0.73676,0.49117,-0.1922,0.59795,1.0891,0.39507,0.65134,0.87557,0.042711,0.39507,-0.010678,0.11745,-1.3454,-0.43778,-0.42711,-0.16016,-0.24559,0.18152,0.053388,0.053388
0.032033,-0.7154,-0.69405,-0.62998,-1.2706,-0.064066,-0.34168,0.064066,-0.2883,-0.37372,-0.35236,-0.33101,-0.58727,-0.62998,-0.41643,-0.48049,0.69405,0.29897,0.42711,0.32033,0.37372,0.56591,0.77947,0.5232,-0.20287,0.64066,1.0891,0.46982,0.66201,0.82218,0.10678,0.37372,0.032033,0.096099,-1.3988,-0.48049,-0.36304,-0.2883,-0.23491,0.1922,0.11745,-0.021355
0.085421,-0.72608,-0.56591,-0.7154,-1.3347,-0.074743,-0.38439,0.074743,-0.33101,-0.37372,-0.30965,-0.35236,-0.69405,-0.56591,-0.44846,-0.50185,0.64066,0.32033,0.36304,0.32033,0.41643,0.32033,0.74743,0.51253,-0.21355,0.55524,1.1318,0.35236,0.62998,0.79014,0.053388,0.39507,-0.064066,0.10678,-1.26,-0.42711,-0.39507,-0.27762,-0.2883,0.24559,0.074743,0.053388
0.16016,-0.67269,-0.66201,-0.64066,-1.3454,-0.021355,-0.33101,0.085421,-0.30965,-0.38439,-0.39507,-0.37372,-0.68337,-0.58727,-0.42711,-0.45914,0.59795,0.36304,0.34168,0.29897,0.38439,0.30965,0.79014,0.50185,-0.14949,0.65134,1.0998,0.44846,0.70472,0.79014,0.085421,0.38439,-0.053388,0.17084,-1.3027,-0.49117,-0.36304,-0.29897,-0.24559,0.20287,0,0.021355
0.11745,-0.69405,-0.59795,-0.66201,-1.3027,0.021355,-0.29897,0.085421,-0.32033,-0.39507,-0.35236,-0.36304,-0.62998,-0.54456,-0.49117,-0.49117,0.54456,0.33101,0.42711,0.40575,0.37372,0.33101,0.76879,0.55524,-0.21355,0.62998,1.1105,0.36304,0.68337,0.82218,0.064066,0.42711,-0.064066,0.12813,-1.292,-0.48049,-0.39507,-0.24559,-0.25626,0.18152,0.042711,0.053388
0.096099,-0.7154,-0.62998,-0.65134,-1.2706,-0.064066,-0.34168,0.010678,-0.34168,-0.42711,-0.38439,-0.33101,-0.66201,-0.58727,-0.46982,-0.48049,0.39507,0.35236,0.39507,0.45914,0.45914,0.36304,0.76879,0.44846,-0.13881,0.60862,1.0998,0.35236,0.68337,0.84353,0.074743,0.38439,-0.042711,0.14949,-1.26,-0.45914,-0.37372,-0.26694,-0.27762,0.13881,0.16016,0.042711
0.12813,-0.67269,-0.64066,-0.62998,-1.3561,-0.021355,-0.34168,0.074743,-0.25626,-0.36304,-0.37372,-0.41643,-0.66201,-0.64066,-0.45914,-0.54456,0.43778,0.39507,0.37372,0.38439,0.39507,0.37372,0.75811,0.49117,-0.20287,0.57659,1.0784,0.37372,0.7154,0.87557,0.032033,0.37372,-0.085421,0.22423,-1.324,-0.48049,-0.43778,-0.27762,-0.24559,0.13881,0.085421,0.085421
0.053388,-0.72608,-0.6193,-0.6193,-1.3027,-0.053388,-0.30965,0.021355,-0.36304,-0.40575,-0.29897,-0.37372,-0.6193,-0.57659,-0.50185,-0.48049,0.49117,0.33101,0.35236,0.30965,0.40575,0.36304,0.69405,0.44846,-0.18152,0.62998,1.1318,0.38439,0.67269,0.87557,0.13881,0.42711,-0.12813,0.12813,-1.324,-0.48049,-0.37372,-0.27762,-0.24559,0.13881,0.085421,0.22423
0.064066,-0.74743,-0.58727,-0.58727,-1.324,-0.053388,-0.36304,0.032033,-0.35236,-0.44846,-0.33101,-0.37372,-0.59795,-0.62998,-0.44846,-0.53388,0.54456,0.29897,0.36304,0.25626,0.43778,0.36304,0.73676,0.5232,-0.24559,0.59795,1.1425,0.37372,0.68337,0.88624,0.13881,0.43778,-0.042711,0.14949,-1.3133,-0.50185,-0.36304,-0.33101,-0.1922,0.17084,0.010678,0.33101
0.16016,-0.7154,-0.62998,-0.6193,-1.2813,-0.053388,-0.32033,-0.010678,-0.32033,-0.42711,-0.34168,-0.38439,-0.66201,-0.59795,-0.46982,-0.54456,0.5232,0.36304,0.34168,0.30965,0.39507,0.37372,0.76879,0.43778,-0.21355,0.64066,1.0891,0.38439,0.66201,0.83285,0.21355,0.41643,-0.085421,0.16016,-1.3133,-0.45914,-0.39507,-0.24559,-0.18152,0.18152,0.085421,0.27762
0.1922,-0.72608,-0.60862,-0.64066,-1.3027,-0.021355,-0.36304,0.064066,-0.32033,-0.39507,-0.33101,-0.35236,-0.60862,-0.57659,-0.40575,-0.51253,0.54456,0.33101,0.35236,0.27762,0.37372,0.34168,0.77947,0.50185,-0.23491,0.6193,1.0998,0.35236,0.68337,0.8115,0.12813,0.43778,-0.085421,0.085421,-1.3027,-0.42711,-0.38439,-0.26694,-0.20287,0.16016,0.12813,0.36304
0.11745,-0.72608,-0.56591,-0.58727,-1.292,-0.074743,-0.33101,0.096099,-0.2883,-0.39507,-0.33101,-0.42711,-0.65134,-0.48049,-0.49117,-0.50185,0.54456,0.33101,0.42711,0.2883,0.38439,0.37372,0.76879,0.48049,-0.17084,0.67269,1.1212,0.36304,0.68337,0.77947,0.11745,0.44846,-0.096099,0.10678,-1.2813,-0.30965,-0.36304,-0.24559,-0.24559,0.14949,0.085421,0.34168
-0.021355,-0.70472,-0.68337,-0.67269,-1.292,-0.053388,-0.33101,0.053388,-0.32033,-0.37372,-0.29897,-0.33101,-0.68337,-0.54456,-0.46982,-0.51253,0.5232,0.29897,0.32033,0.23491,0.30965,0.37372,0.74743,0.50185,-0.17084,0.65134,1.1318,0.43778,0.65134,0.83285,0.18152,0.45914,-0.12813,0.14949,-1.3667,-0.44846,-0.39507,-0.27762,-0.24559,0.11745,0.021355,0.35236
0.13881,-0.7154,-0.6193,-0.57659,-1.3667,-0.085421,-0.33101,0.032033,-0.2883,-0.41643,-0.42711,-0.40575,-0.62998,-0.50185,-0.48049,-0.51253,0.50185,0.34168,0.32033,0.32033,0.37372,0.35236,0.75811,0.55524,-0.16016,0.72608,1.1105,0.40575,0.7154,0.85421,0.11745,0.41643,-0.074743,0.13881,-1.3667,-0.43778,-0.35236,-0.27762,-0.18152,0.1922,0.053388,0.36304
0.14949,-0.75811,-0.60862,-0.59795,-1.3347,-0.042711,-0.32033,0.042711,-0.27762,-0.36304,-0.42711,-0.38439,-0.64066,-0.51253,-0.46982,-0.54456,0.56591,0.2883,0.32033,0.33101,0.40575,0.40575,0.80082,0.49117,-0.16016,0.62998,1.1852,0.44846,0.72608,0.84353,0.053388,0.41643,-0.11745,0.12813,-1.3133,-0.40575,-0.38439,-0.16016,-0.26694,0.14949,0.096099,0.42711
0.21355,-0.70472,-0.65134,-0.64066,-1.3133,-0.11745,-0.30965,0.096099,-0.29897,-0.33101,-0.38439,-0.37372,-0.51253,-0.55524,-0.46982,-0.55524,0.51253,0.36304,0.38439,0.29897,0.39507,0.37372,0.74743,0.58727,-0.20287,0.68337,1.1639,0.40575,0.69405,0.87557,0.12813,0.39507,-0.085421,0.20287,-1.4094,-0.48049,-0.38439,-0.24559,-0.23491,0.17084,0.12813,0.37372
0.21355,-0.66201,-0.65134,-0.6193,-1.2172,-0.064066,-0.34168,0.096099,-0.33101,-0.43778,-0.38439,-0.35236,-0.5232,-0.57659,-0.41643,-0.48049,0.57659,0.34168,0.32033,0.29897,0.38439,0.41643,0.72608,0.6193,-0.13881,0.67269,1.1639,0.43778,0.65134,0.85421,0.16016,0.43778,-0.12813,0.13881,-1.2813,-0.41643,-0.39507,-0.29897,-0.27762,0.17084,0.096099,0.38439
0.1922,-0.68337,-0.62998,-0.55524,-1.2706,-0.096099,-0.27762,0.10678,-0.26694,-0.29897,-0.35236,-0.39507,-0.5232,-0.58727,-0.44846,-0.43778,0.50185,0.34168,0.37372,0.30965,0.42711,0.36304,0.70472,0.53388,-0.12813,0.57659,1.1318,0.38439,0.70472,0.87557,0.17084,0.42711,-0.064066,0.14949,-1.292,-0.48049,-0.42711,-0.23491,-0.22423,0.12813,0.13881,0.39507
0.18152,-0.80082,-0.56591,-0.66201,-1.26,0,-0.34168,0.096099,-0.33101,-0.37372,-0.34168,-0.2883,-0.56591,-0.56591,-0.44846,-0.51253,0.56591,0.35236,0.33101,0.25626,0.45914,0.34168,0.74743,0.5232,-0.10678,0.50185,1.1425,0.33101,0.66201,0.86489,0.16016,0.41643,-0.042711,0.12813,-1.3133,-0.64066,-0.37372,-0.30965,-0.25626,0.12813,0.14949,0.37372
0.24559,-0.7154,-0.62998,-0.57659,-1.1745,-0.021355,-0.33101,0.11745,-0.25626,-0.37372,-0.39507,-0.39507,-0.64066,-0.59795,-0.40575,-0.49117,0.54456,0.35236,0.35236,0.1922,0.43778,0.38439,0.8115,0.57659,-0.20287,0.57659,1.1639,0.40575,0.69405,0.84353,0.22423,0.46982,-0.085421,0.20287,-1.2493,-0.66201,-0.34168,-0.27762,-0.23491,0.11745,0.085421,0.41643
0.22423,-0.75811,-0.60862,-0.60862,-1.2066,-0.010678,-0.39507,0.085421,-0.2883,-0.37372,-0.40575,-0.36304,-0.55524,-0.54456,-0.40575,-0.48049,0.56591,0.40575,0.25626,0.23491,0.41643,0.35236,0.77947,0.51253,-0.24559,0.55524,1.1745,0.39507,0.75811,0.8115,0.17084,0.41643,-0.10678,0.20287,-1.2813,-0.73676,-0.43778,-0.35236,-0.23491,0.26694,0.16016,0.39507
0.20287,-0.77947,-0.59795,-0.64066,-1.1532,-0.010678,-0.40575,0.12813,-0.35236,-0.39507,-0.36304,-0.36304,-0.54456,-0.59795,-0.38439,-0.56591,0.60862,0.48049,0.29897,0.34168,0.41643,0.34168,0.8115,0.54456,-0.14949,0.50185,1.1532,0.40575,0.69405,0.85421,0.13881,0.43778,-0.021355,0.1922,-1.292,-0.72608,-0.35236,-0.30965,-0.23491,0.13881,0.12813,0.41643
0.14949,-0.68337,-0.60862,-0.59795,-1.3133,0,-0.37372,0.14949,-0.27762,-0.41643,-0.36304,-0.30965,-0.62998,-0.53388,-0.42711,-0.45914,0.54456,0.43778,0.29897,0.25626,0.45914,0.34168,0.84353,0.5232,-0.22423,0.55524,1.1212,0.46982,0.69405,0.86489,0.22423,0.49117,-0.053388,0.17084,-1.3133,-0.69405,-0.33101,-0.32033,-0.20287,0.21355,0.11745,0.41643
0.1922,-0.73676,-0.56591,-0.59795,-1.1425,0.053388,-0.33101,0.11745,-0.2883,-0.44846,-0.38439,-0.29897,-0.57659,-0.56591,-0.36304,-0.48049,0.54456,0.38439,0.32033,0.22423,0.42711,0.36304,0.77947,0.55524,-0.1922,0.57659,1.1105,0.43778,0.68337,0.82218,0.13881,0.54456,0.021355,0.1922,-1.292,-0.62998,-0.38439,-0.2883,-0.16016,0.16016,0.13881,0.43778
0.1922,-0.72608,-0.59795,-0.59795,-1.2066,-0.042711,-0.33101,0.053388,-0.25626,-0.39507,-0.37372,-0.36304,-0.57659,-0.57659,-0.2883,-0.50185,0.53388,0.36304,0.23491,0.27762,0.37372,0.36304,0.7154,0.57659,-0.14949,0.55524,1.1852,0.42711,0.72608,0.8115,0.18152,0.45914,-0.021355,0.17084,-1.3133,-0.64066,-0.34168,-0.29897,-0.17084,0.18152,0.096099,0.44846
0.21355,-0.87557,-0.5232,-0.57659,-1.2706,0.010678,-0.33101,0.17084,-0.23491,-0.37372,-0.44846,-0.35236,-0.55524,-0.57659,-0.38439,-0.49117,0.53388,0.39507,0.2883,0.23491,0.36304,0.38439,0.80082,0.55524,-0.1922,0.57659,1.0998,0.45914,0.69405,0.85421,0.14949,0.38439,-0.053388,0.17084,-1.2706,-0.67269,-0.37372,-0.35236,-0.22423,0.1922,0.10678,0.39507
0.18152,-0.84353,-0.54456,-0.56591,-1.1639,0.021355,-0.35236,0.16016,-0.20287,-0.30965,-0.41643,-0.34168,-0.6193,-0.54456,-0.34168,-0.46982,0.55524,0.30965,0.33101,0.27762,0.46982,0.42711,0.82218,0.62998,-0.14949,0.56591,0.98234,0.51253,0.73676,0.84353,0.22423,0.2883,-0.032033,0.18152,-1.3133,-0.7154,-0.39507,-0.29897,-0.22423,0.18152,0.13881,0.43778
0.27762,-0.79014,-0.62998,-0.58727,-1.1959,0.032033,-0.27762,0.18152,-0.17084,-0.38439,-0.39507,-0.36304,-0.62998,-0.56591,-0.30965,-0.46982,0.56591,0.32033,0.21355,0.34168,0.38439,0.40575,0.80082,0.65134,-0.16016,0.59795,0.92895,0.42711,0.68337,0.79014,0.22423,0.1922,-0.021355,0.14949,-1.2813,-0.72608,-0.35236,-0.27762,-0.22423,0.14949,0.16016,0.34168
0.25626,-0.7154,-0.57659,-0.62998,-1.2066,0.021355,-0.25626,0.1922,-0.20287,-0.37372,-0.35236,-0.35236,-0.60862,-0.60862,-0.32033,-0.5232,0.56591,0.33101,0.25626,0.34168,0.33101,0.34168,0.75811,0.67269,-0.16016,0.55524,1.0144,0.37372,0.69405,0.87557,0.16016,0.37372,-0.053388,0.12813,-1.26,-0.62998,-0.37372,-0.35236,-0.12813,0.16016,0.14949,0.43778
0.22423,-0.7154,-0.65134,-0.53388,-1.2279,0,-0.27762,0.12813,-0.22423,-0.34168,-0.35236,-0.33101,-0.55524,-0.55524,-0.27762,-0.46982,0.46982,0.29897,0.2883,0.33101,0.21355,0.36304,0.75811,0.74743,-0.16016,0.55524,1.1105,0.44846,0.7154,0.80082,0.13881,0.26694,-0.053388,0.23491,-1.2706,-0.70472,-0.40575,-0.24559,-0.1922,0.17084,0.17084,0.37372
0.22423,-0.74743,-0.60862,-0.62998,-1.2386,0,-0.34168,0.16016,-0.17084,-0.37372,-0.34168,-0.23491,-0.57659,-0.62998,-0.21355,-0.45914,0.48049,0.36304,0.30965,0.32033,0.12813,0.32033,0.80082,0.6193,-0.16016,0.58727,1.1425,0.43778,0.70472,0.8115,0.23491,0.2883,0.021355,0.14949,-1.2706,-0.70472,-0.37372,-0.25626,-0.20287,0.12813,0.14949,0.44846
0.23491,-0.76879,-0.5232,-0.55524,-1.1852,0.042711,-0.35236,0.14949,-0.22423,-0.36304,-0.33101,-0.36304,-0.57659,-0.58727,-0.26694,-0.53388,0.50185,0.33101,0.34168,0.27762,0.1922,0.35236,0.8115,0.56591,-0.18152,0.59795,1.0891,0.39507,0.70472,0.84353,0.17084,0.35236,-0.064066,0.18152,-1.1959,-0.7154,-0.32033,-0.30965,-0.17084,0.14949,0.17084,0.38439
0.24559,-0.70472,-0.56591,-0.62998,-1.2172,0.085421,-0.38439,0.21355,-0.18152,-0.37372,-0.40575,-0.32033,-0.53388,-0.58727,-0.26694,-0.54456,0.54456,0.35236,0.26694,0.26694,0.22423,0.35236,0.83285,0.60862,-0.1922,0.56591,1.1532,0.37372,0.64066,0.83285,0.18152,0.2883,0,0.1922,-1.2386,-0.74743,-0.44846,-0.30965,-0.20287,0.12813,0.1922,0.42711
0.24559,-0.79014,-0.58727,-0.58727,-1.1212,0.085421,-0.33101,0.20287,-0.18152,-0.36304,-0.34168,-0.37372,-0.60862,-0.57659,-0.23491,-0.53388,0.51253,0.34168,0.32033,0.27762,0.24559,0.32033,0.82218,0.59795,-0.17084,0.60862,1.1425,0.42711,0.6193,0.76879,0.17084,0.34168,-0.064066,0.13881,-1.2706,-0.64066,-0.33101,-0.33101,-0.14949,0.13881,0.17084,0.36304
0.23491,-0.8115,-0.62998,-0.54456,-1.2386,0.11745,-0.34168,0.1922,-0.22423,-0.35236,-0.40575,-0.36304,-0.53388,-0.57659,-0.24559,-0.49117,0.59795,0.32033,0.32033,0.29897,0.20287,0.35236,0.77947,0.65134,-0.20287,0.54456,1.1532,0.33101,0.62998,0.83285,0.18152,0.29897,-0.010678,0.14949,-1.26,-0.65134,-0.38439,-0.2883,-0.14949,0.16016,0.10678,0.36304
0.23491,-0.73676,-0.57659,-0.60862,-1.1959,0.042711,-0.33101,0.21355,-0.18152,-0.36304,-0.36304,-0.30965,-0.6193,-0.5232,-0.23491,-0.48049,0.51253,0.33101,0.27762,0.26694,0.24559,0.36304,0.79014,0.6193,-0.12813,0.57659,1.1639,0.40575,0.66201,0.73676,0.14949,0.41643,-0.010678,0.22423,-1.3347,-0.60862,-0.40575,-0.35236,-0.17084,0.096099,0.13881,0.45914
0.26694,-0.76879,-0.54456,-0.64066,-1.1959,0.13881,-0.36304,0.16016,-0.18152,-0.32033,-0.35236,-0.35236,-0.6193,-0.5232,-0.2883,-0.49117,0.54456,0.30965,0.32033,0.24559,0.25626,0.33101,0.80082,0.67269,-0.1922,0.60862,1.1212,0.36304,0.73676,0.75811,0.14949,0.27762,-0.064066,0.16016,-1.3027,-0.70472,-0.44846,-0.30965,-0.22423,0.096099,0.1922,0.40575
0.26694,-0.79014,-0.55524,-0.53388,-1.2386,0.074743,-0.33101,0.18152,-0.16016,-0.27762,-0.39507,-0.26694,-0.57659,-0.57659,-0.26694,-0.43778,0.50185,0.35236,0.33101,0.27762,0.27762,0.33101,0.77947,0.69405,-0.14949,0.58727,1.1959,0.38439,0.64066,0.69405,0.1922,0.34168,-0.021355,0.16016,-1.292,-0.55524,-0.36304,-0.2883,-0.18152,0.12813,0.17084,0.39507
0.24559,-0.74743,-0.58727,-0.56591,-1.292,0.032033,-0.29897,0.1922,-0.16016,-0.33101,-0.34168,-0.36304,-0.58727,-0.55524,-0.22423,-0.43778,0.50185,0.30965,0.33101,0.27762,0.23491,0.2883,0.8115,0.65134,-0.11745,0.56591,1.1105,0.2883,0.68337,0.7154,0.14949,0.36304,-0.032033,0.12813,-1.26,-0.70472,-0.38439,-0.34168,-0.23491,0.12813,0.17084,0.42711
0.34168,-0.77947,-0.50185,-0.58727,-1.324,0.096099,-0.35236,0.21355,-0.20287,-0.32033,-0.30965,-0.33101,-0.6193,-0.64066,-0.18152,-0.48049,0.53388,0.36304,0.27762,0.29897,0.22423,0.2883,0.75811,0.69405,-0.16016,0.6193,1.1318,0.36304,0.68337,0.80082,0.21355,0.37372,0.010678,0.13881,-1.2386,-0.65134,-0.37372,-0.35236,-0.20287,0.11745,0.10678,0.43778
0.29897,-0.80082,-0.57659,-0.64066,-1.1852,0.096099,-0.34168,0.17084,-0.17084,-0.36304,-0.2883,-0.36304,-0.56591,-0.5232,-0.21355,-0.42711,0.48049,0.36304,0.35236,0.25626,0.30965,0.2883,0.73676,0.72608,-0.14949,0.53388,1.2066,0.35236,0.67269,0.68337,0.1922,0.36304,0.010678,0.21355,-1.26,-0.68337,-0.42711,-0.39507,-0.18152,0.096099,0.1922,0.37372
0.25626,-0.74743,-0.6193,-0.6193,-1.2279,0.18152,-0.34168,0.12813,-0.20287,-0.38439,-0.27762,-0.34168,-0.62998,-0.55524,-0.20287,-0.48049,0.5232,0.30965,0.34168,0.24559,0.2883,0.23491,0.72608,0.68337,-0.20287,0.57659,1.1212,0.35236,0.70472,0.84353,0.13881,0.39507,0.042711,0.12813,-1.1639,-0.64066,-0.42711,-0.34168,-0.18152,0.096099,0.20287,0.43778
0.26694,-0.8115,-0.57659,-0.60862,-1.2172,0.16016,-0.34168,0.18152,-0.18152,-0.32033,-0.30965,-0.39507,-0.5232,-0.56591,-0.1922,-0.51253,0.53388,0.32033,0.30965,0.2883,0.29897,0.22423,0.79014,0.70472,-0.17084,0.5232,1.1105,0.35236,0.66201,0.77947,0.14949,0.32033,0.064066,0.11745,-1.2279,-0.67269,-0.50185,-0.39507,-0.22423,0.096099,0.1922,0.39507
0.20287,-0.7154,-0.57659,-0.59795,-1.2172,0.16016,-0.32033,0.22423,-0.20287,-0.34168,-0.33101,-0.38439,-0.53388,-0.62998,-0.24559,-0.49117,0.50185,0.32033,0.33101,0.23491,0.26694,0.1922,0.76879,0.69405,-0.13881,0.57659,1.1639,0.38439,0.66201,0.79014,0.11745,0.39507,0.074743,0.1922,-1.3027,-0.72608,-0.43778,-0.37372,-0.22423,0.074743,0.12813,0.33101
0.24559,-0.77947,-0.54456,-0.65134,-1.2493,0.1922,-0.36304,0.21355,-0.18152,-0.36304,-0.37372,-0.42711,-0.57659,-0.59795,-0.22423,-0.50185,0.51253,0.30965,0.35236,0.21355,0.26694,0.16016,0.69405,0.62998,-0.18152,0.59795,1.1532,0.36304,0.62998,0.75811,0.1922,0.41643,0.010678,0.17084,-1.3667,-0.62998,-0.41643,-0.41643,-0.13881,0.053388,0.13881,0.44846
0.22423,-0.83285,-0.54456,-0.70472,-1.1532,0.18152,-0.34168,0.14949,-0.16016,-0.33101,-0.34168,-0.38439,-0.49117,-0.59795,-0.17084,-0.44846,0.49117,0.34168,0.35236,0.22423,0.2883,0.29897,0.79014,0.66201,-0.16016,0.56591,1.1532,0.36304,0.67269,0.7154,0.14949,0.37372,-0.010678,0.16016,-1.3561,-0.67269,-0.35236,-0.42711,-0.20287,0.11745,0.18152,0.40575
0.26694,-0.77947,-0.55524,-0.7154,-1.2066,0.13881,-0.36304,0.14949,-0.12813,-0.35236,-0.39507,-0.34168,-0.55524,-0.58727,-0.14949,-0.45914,0.46982,0.34168,0.37372,0.20287,0.23491,0.23491,0.77947,0.68337,-0.12813,0.64066,1.0998,0.39507,0.68337,0.76879,0.18152,0.35236,0.085421,0.17084,-1.4094,-0.62998,-0.38439,-0.43778,-0.17084,0.10678,0.17084,0.51253
0.23491,-0.72608,-0.49117,-0.66201,-1.2279,0.18152,-0.34168,0.1922,-0.20287,-0.26694,-0.40575,-0.32033,-0.56591,-0.68337,-0.1922,-0.50185,0.53388,0.29897,0.42711,0.21355,0.22423,0.26694,0.76879,0.58727,-0.10678,0.57659,1.0998,0.40575,0.69405,0.73676,0.14949,0.42711,0.053388,0.11745,-1.3667,-0.66201,-0.32033,-0.45914,-0.23491,0.16016,0.20287,0.39507
0.24559,-0.76879,-0.53388,-0.67269,-1.1959,0.096099,-0.33101,0.20287,-0.20287,-0.29897,-0.30965,-0.36304,-0.57659,-0.75811,-0.22423,-0.51253,0.46982,0.32033,0.34168,0.27762,0.23491,0.20287,0.70472,0.69405,-0.1922,0.65134,1.1532,0.40575,0.64066,0.76879,0.22423,0.38439,-0.010678,0.11745,-1.4201,-0.67269,-0.42711,-0.44846,-0.20287,0.16016,0.18152,0.41643
0.21355,-0.75811,-0.53388,-0.66201,-1.2066,0.20287,-0.32033,0.17084,-0.1922,-0.29897,-0.35236,-0.36304,-0.55524,-0.75811,-0.14949,-0.50185,0.53388,0.38439,0.40575,0.27762,0.23491,0.18152,0.79014,0.66201,-0.26694,0.6193,1.1532,0.36304,0.70472,0.72608,0.14949,0.36304,0.064066,0.053388,-1.3561,-0.7154,-0.42711,-0.49117,-0.1922,0.1922,0.18152,0.41643
0.25626,-0.74743,-0.59795,-0.66201,-1.2066,0.18152,-0.29897,0.22423,-0.13881,-0.36304,-0.33101,-0.34168,-0.56591,-0.77947,-0.17084,-0.41643,0.50185,0.2883,0.39507,0.26694,0.25626,0.26694,0.7154,0.65134,-0.1922,0.5232,1.1639,0.37372,0.65134,0.79014,0.17084,0.40575,0.042711,0.13881,-1.3667,-0.66201,-0.41643,-0.48049,-0.14949,0.14949,0.20287,0.33101
0.24559,-0.80082,-0.57659,-0.7154,-1.1639,0.18152,-0.29897,0.24559,-0.21355,-0.32033,-0.39507,-0.29897,-0.58727,-0.7154,-0.20287,-0.51253,0.54456,0.32033,0.41643,0.30965,0.2883,0.25626,0.75811,0.68337,-0.18152,0.54456,1.1425,0.36304,0.59795,0.76879,0.17084,0.37372,0.042711,0.13881,-1.292,-0.66201,-0.41643,-0.48049,-0.18152,0.074743,0.27762,0.42711
0.24559,-0.77947,-0.53388,-0.67269,-1.1852,0.22423,-0.35236,0.14949,-0.1922,-0.30965,-0.35236,-0.32033,-0.58727,-0.67269,-0.17084,-0.43778,0.44846,0.43778,0.42711,0.17084,0.27762,0.22423,0.79014,0.7154,-0.17084,0.60862,1.1425,0.34168,0.65134,0.80082,0.20287,0.37372,0.042711,0.22423,-1.3454,-0.67269,-0.42711,-0.44846,-0.1922,0.12813,0.23491,0.42711
0.23491,-0.74743,-0.48049,-0.62998,-1.2493,0.23491,-0.35236,0.21355,-0.13881,-0.33101,-0.37372,-0.33101,-0.57659,-0.73676,-0.21355,-0.48049,0.50185,0.2883,0.36304,0.24559,0.29897,0.22423,0.73676,0.65134,-0.1922,0.64066,1.1639,0.34168,0.68337,0.85421,0.1922,0.33101,-0.021355,0.13881,-1.3561,-0.58727,-0.48049,-0.49117,-0.16016,0.11745,0.26694,0.41643
0.23491,-0.72608,-0.55524,-0.65134,-1.2066,0.23491,-0.39507,0.18152,-0.18152,-0.38439,-0.35236,-0.37372,-0.56591,-0.7154,-0.33101,-0.55524,0.49117,0.32033,0.39507,0.21355,0.1922,0.18152,0.75811,0.62998,-0.13881,0.60862,1.1425,0.36304,0.65134,0.8115,0.17084,0.40575,0.032033,0.18152,-1.3454,-0.59795,-0.39507,-0.44846,-0.18152,0.064066,0.17084,0.40575
0.29897,-0.80082,-0.49117,-0.69405,-1.2279,0.2883,-0.42711,0.14949,-0.18152,-0.38439,-0.30965,-0.34168,-0.57659,-0.67269,-0.38439,-0.46982,0.55524,0.34168,0.43778,0.23491,0.32033,0.27762,0.76879,0.6193,-0.14949,0.59795,1.1212,0.42711,0.65134,0.8115,0.21355,0.35236,0.021355,0.1922,-1.2813,-0.55524,-0.46982,-0.57659,-0.20287,0.096099,0.25626,0.39507
0.24559,-0.79014,-0.53388,-0.69405,-1.1639,0.34168,-0.27762,0.1922,-0.21355,-0.30965,-0.37372,-0.33101,-0.55524,-0.7154,-0.2883,-0.43778,0.48049,0.35236,0.43778,0.21355,0.29897,0.14949,0.72608,0.65134,-0.18152,0.62998,1.1105,0.39507,0.6193,0.87557,0.25626,0.38439,0.010678,0.14949,-1.3347,-0.64066,-0.33101,-0.53388,-0.18152,0.12813,0.21355,0.42711
0.22423,-0.8115,-0.46982,-0.69405,-1.2706,0.26694,-0.26694,0.22423,-0.1922,-0.35236,-0.32033,-0.36304,-0.57659,-0.67269,-0.35236,-0.55524,0.54456,0.34168,0.43778,0.17084,0.34168,0.21355,0.74743,0.59795,-0.18152,0.58727,1.0784,0.37372,0.60862,0.83285,0.16016,0.38439,0.085421,0.13881,-1.4522,-0.6193,-0.40575,-0.53388,-0.22423,0.14949,0.29897,0.40575
0.25626,-0.80082,-0.53388,-0.69405,-1.1959,0.30965,-0.32033,0.25626,-0.16016,-0.29897,-0.39507,-0.36304,-0.53388,-0.67269,-0.26694,-0.5232,0.56591,0.32033,0.45914,0.17084,0.26694,0.24559,0.67269,0.6193,-0.16016,0.6193,1.0891,0.39507,0.60862,0.77947,0.17084,0.39507,0.042711,0.074743,-1.3027,-0.65134,-0.35236,-0.55524,-0.1922,0.10678,0.2883,0.39507
0.23491,-0.84353,-0.51253,-0.76879,-1.2279,0.24559,-0.27762,0.21355,-0.11745,-0.35236,-0.32033,-0.35236,-0.54456,-0.67269,-0.25626,-0.48049,0.53388,0.30965,0.46982,0.17084,0.30965,0.22423,0.68337,0.68337,-0.14949,0.56591,1.1105,0.39507,0.5232,0.77947,0.18152,0.44846,0.074743,0.096099,-1.3774,-0.56591,-0.40575,-0.46982,-0.20287,0.16016,0.24559,0.40575
0.21355,-0.76879,-0.54456,-0.69405,-1.292,0.22423,-0.40575,0.27762,-0.17084,-0.30965,-0.30965,-0.36304,-0.56591,-0.64066,-0.30965,-0.54456,0.46982,0.35236,0.45914,0.1922,0.22423,0.26694,0.64066,0.62998,-0.25626,0.62998,1.0784,0.37372,0.66201,0.80082,0.12813,0.34168,0.074743,0.11745,-1.3347,-0.62998,-0.41643,-0.50185,-0.13881,0.10678,0.2883,0.35236
0.36304,-0.79014,-0.51253,-0.7154,-1.1639,0.29897,-0.27762,0.14949,-0.18152,-0.32033,-0.36304,-0.38439,-0.58727,-0.68337,-0.27762,-0.48049,0.53388,0.30965,0.51253,0.23491,0.2883,0.29897,0.70472,0.60862,-0.22423,0.6193,1.1105,0.29897,0.67269,0.85421,0.14949,0.37372,0.053388,0.17084,-1.292,-0.60862,-0.36304,-0.48049,-0.22423,0.18152,0.20287,0.39507
0.27762,-0.75811,-0.43778,-0.80082,-1.2279,0.24559,-0.36304,0.1922,-0.16016,-0.32033,-0.36304,-0.35236,-0.56591,-0.7154,-0.2883,-0.48049,0.55524,0.36304,0.39507,0.24559,0.2883,0.26694,0.76879,0.62998,-0.10678,0.60862,1.1745,0.34168,0.72608,0.8115,0.1922,0.41643,0,0.074743,-1.292,-0.59795,-0.41643,-0.54456,-0.26694,0.23491,0.27762,0.39507
0.26694,-0.8115,-0.58727,-0.70472,-1.2172,0.27762,-0.32033,0.1922,-0.10678,-0.30965,-0.32033,-0.33101,-0.59795,-0.60862,-0.22423,-0.48049,0.55524,0.39507,0.48049,0.13881,0.29897,0.29897,0.72608,0.6193,-0.20287,0.64066,1.0891,0.30965,0.62998,0.86489,0.14949,0.37372,0.021355,0.16016,-1.292,-0.56591,-0.44846,-0.5232,-0.25626,0.22423,0.25626,0.32033
0.32033,-0.74743,-0.55524,-0.74743,-1.1852,0.24559,-0.2883,0.20287,-0.18152,-0.25626,-0.27762,-0.37372,-0.56591,-0.68337,-0.35236,-0.45914,0.51253,0.38439,0.46982,0.23491,0.2883,0.30965,0.76879,0.59795,-0.11745,0.60862,1.1852,0.35236,0.65134,0.86489,0.17084,0.40575,0.053388,0.11745,-1.3454,-0.58727,-0.39507,-0.51253,-0.26694,0.10678,0.24559,0.37372
0.2883,-0.74743,-0.51253,-0.7154,-1.1745,0.25626,-0.34168,0.13881,-0.13881,-0.34168,-0.39507,-0.34168,-0.58727,-0.70472,-0.25626,-0.51253,0.5232,0.35236,0.46982,0.18152,0.1922,0.22423,0.73676,0.66201,-0.21355,0.55524,1.0998,0.36304,0.65134,0.86489,0.11745,0.44846,0.074743,0.10678,-1.3347,-0.62998,-0.46982,-0.55524,-0.26694,-0.042711,0.20287,0.35236
0.29897,-0.73676,-0.53388,-0.74743,-1.2066,0.2883,-0.34168,0.11745,-0.10678,-0.33101,-0.32033,-0.39507,-0.50185,-0.72608,-0.22423,-0.44846,0.53388,0.26694,0.48049,0.18152,0.27762,0.21355,0.82218,0.62998,-0.18152,0.69405,1.1532,0.27762,0.62998,0.88624,0.16016,0.36304,0.032033,0.14949,-1.3347,-0.56591,-0.45914,-0.55524,-0.17084,-0.074743,0.1922,0.39507
0.26694,-0.76879,-0.51253,-0.77947,-1.2172,0.35236,-0.33101,0.13881,-0.096099,-0.33101,-0.33101,-0.27762,-0.56591,-0.66201,-0.29897,-0.46982,0.58727,0.2883,0.51253,0.22423,0.34168,0.30965,0.70472,0.58727,-0.20287,0.64066,1.1212,0.32033,0.64066,0.87557,0.18152,0.39507,0.042711,0.13881,-1.292,-0.67269,-0.37372,-0.54456,-0.23491,-0.042711,0.16016,0.36304
0.32033,-0.73676,-0.56591,-0.80082,-1.1639,0.32033,-0.37372,0.10678,-0.16016,-0.25626,-0.32033,-0.35236,-0.50185,-0.66201,-0.26694,-0.43778,0.46982,0.27762,0.54456,0.16016,0.27762,0.27762,0.67269,0.57659,-0.18152,0.60862,1.0144,0.36304,0.65134,0.86489,0.16016,0.43778,0.053388,0.14949,-1.292,-0.65134,-0.46982,-0.55524,-0.1922,-0.010678,0.20287,0.21355
0.30965,-0.74743,-0.51253,-0.75811,-1.2706,0.36304,-0.2883,0.10678,-0.14949,-0.33101,-0.29897,-0.29897,-0.53388,-0.70472,-0.26694,-0.41643,0.55524,0.33101,0.50185,0.25626,0.25626,0.33101,0.65134,0.59795,-0.16016,0.62998,1.0571,0.38439,0.67269,0.88624,0.10678,0.50185,0.032033,0.16016,-1.3027,-0.55524,-0.57659,-0.57659,-0.18152,0,0.1922,0.17084
0.27762,-0.79014,-0.56591,-0.75811,-1.2706,0.27762,-0.34168,0.12813,-0.12813,-0.29897,-0.35236,-0.32033,-0.5232,-0.6193,-0.22423,-0.49117,0.48049,0.32033,0.53388,0.20287,0.26694,0.27762,0.67269,0.58727,-0.27762,0.68337,1.0998,0.39507,0.67269,0.95031,0.14949,0.40575,0.021355,0.096099,-1.3133,-0.58727,-0.60862,-0.53388,-0.18152,-0.042711,0.23491,0.13881
0.30965,-0.74743,-0.58727,-0.75811,-1.2066,0.2883,-0.33101,0.074743,-0.11745,-0.32033,-0.29897,-0.36304,-0.46982,-0.65134,-0.32033,-0.46982,0.5232,0.36304,0.51253,0.24559,0.22423,0.34168,0.72608,0.54456,-0.23491,0.65134,1.0998,0.36304,0.67269,0.92895,0.16016,0.45914,0.042711,0.13881,-1.324,-0.62998,-0.57659,-0.48049,-0.20287,0.042711,0.24559,0.18152
0.34168,-0.7154,-0.58727,-0.82218,-1.2172,0.33101,-0.32033,0.13881,-0.11745,-0.30965,-0.34168,-0.32033,-0.56591,-0.7154,-0.32033,-0.49117,0.49117,0.39507,0.49117,0.24559,0.20287,0.34168,0.70472,0.55524,-0.14949,0.68337,1.0678,0.35236,0.69405,0.92895,0.14949,0.40575,0.010678,0.085421,-1.3667,-0.62998,-0.60862,-0.51253,-0.25626,0,0.26694,0.22423
0.26694,-0.82218,-0.60862,-0.74743,-1.2386,0.32033,-0.22423,0.12813,-0.11745,-0.24559,-0.34168,-0.29897,-0.59795,-0.66201,-0.32033,-0.46982,0.51253,0.30965,0.49117,0.23491,0.25626,0.38439,0.74743,0.5232,-0.29897,0.60862,1.0571,0.34168,0.67269,0.97166,0.13881,0.43778,0.053388,0.010678,-1.324,-0.6193,-0.55524,-0.45914,-0.22423,-0.053388,0.21355,0.16016
0.27762,-0.74743,-0.53388,-0.79014,-1.2386,0.1922,-0.27762,0.096099,-0.13881,-0.23491,-0.35236,-0.35236,-0.60862,-0.64066,-0.34168,-0.45914,0.55524,0.44846,0.54456,0.23491,0.24559,0.37372,0.7154,0.54456,-0.17084,0.54456,1.0571,0.32033,0.70472,0.95031,0.17084,0.44846,0.064066,0.064066,-1.3133,-0.6193,-0.58727,-0.46982,-0.20287,-0.021355,0.22423,0.11745
0.1922,-0.72608,-0.55524,-0.8115,-1.1639,0.032033,-0.34168,0.042711,-0.064066,-0.29897,-0.36304,-0.37372,-0.55524,-0.66201,-0.25626,-0.46982,0.54456,0.35236,0.51253,0.23491,0.29897,0.33101,0.7154,0.57659,-0.23491,0.64066,1.0571,0.34168,0.70472,0.76879,0.12813,0.41643,0.010678,0.10678,-1.3347,-0.58727,-0.57659,-0.50185,-0.14949,0.010678,0.24559,0.13881
0.35236,-0.76879,-0.60862,-0.76879,-1.1745,0.13881,-0.26694,0.096099,-0.042711,-0.29897,-0.29897,-0.35236,-0.56591,-0.68337,-0.27762,-0.45914,0.46982,0.38439,0.53388,0.1922,0.35236,0.40575,0.67269,0.58727,-0.14949,0.57659,1.0891,0.24559,0.66201,0.70472,0.13881,0.44846,0.074743,0.064066,-1.3347,-0.59795,-0.6193,-0.5232,-0.1922,-0.032033,0.23491,0.14949
0.2883,-0.77947,-0.66201,-0.75811,-1.2279,0.20287,-0.25626,0.16016,-0.10678,-0.33101,-0.29897,-0.38439,-0.53388,-0.67269,-0.2883,-0.45914,0.45914,0.40575,0.51253,0.18152,0.33101,0.38439,0.69405,0.58727,-0.1922,0.59795,0.97166,0.36304,0.65134,0.7154,0.085421,0.46982,0.085421,0.096099,-1.292,-0.6193,-0.59795,-0.60862,-0.23491,0.010678,0.24559,0.13881
0.26694,-0.76879,-0.7154,-0.79014,-1.2706,0.26694,-0.32033,0.074743,-0.064066,-0.27762,-0.36304,-0.34168,-0.53388,-0.69405,-0.32033,-0.48049,0.46982,0.34168,0.56591,0.22423,0.36304,0.40575,0.65134,0.53388,-0.22423,0.6193,1.0037,0.35236,0.62998,0.79014,0.11745,0.5232,0.032033,-0.010678,-1.3133,-0.60862,-0.59795,-0.55524,-0.21355,-0.042711,0.14949,0.11745
0.2883,-0.72608,-0.66201,-0.8115,-1.1639,0.23491,-0.32033,0.085421,-0.11745,-0.34168,-0.33101,-0.34168,-0.54456,-0.70472,-0.2883,-0.49117,0.45914,0.37372,0.53388,0.24559,0.32033,0.32033,0.65134,0.57659,-0.23491,0.57659,1.0464,0.38439,0.65134,0.77947,0.14949,0.54456,0.021355,0.042711,-1.292,-0.6193,-0.59795,-0.56591,-0.18152,0.021355,0.1922,0.13881
0.30965,-0.80082,-0.65134,-0.8115,-1.2279,0.24559,-0.36304,0.12813,-0.085421,-0.26694,-0.25626,-0.38439,-0.55524,-0.68337,-0.29897,-0.51253,0.45914,0.34168,0.49117,0.22423,0.30965,0.42711,0.65134,0.5232,-0.23491,0.65134,1.0251,0.35236,0.62998,0.76879,0.14949,0.51253,0.085421,0.010678,-1.2386,-0.53388,-0.55524,-0.58727,-0.21355,-0.021355,0.20287,0.17084
0.25626,-0.76879,-0.64066,-0.80082,-1.1959,0.23491,-0.27762,0.10678,-0.096099,-0.35236,-0.33101,-0.35236,-0.50185,-0.62998,-0.2883,-0.45914,0.43778,0.36304,0.48049,0.18152,0.27762,0.38439,0.68337,0.58727,-0.23491,0.60862,1.0464,0.34168,0.62998,0.75811,0.12813,0.45914,0.096099,0.053388,-1.3027,-0.64066,-0.55524,-0.59795,-0.18152,-0.053388,0.17084,0.21355
0.26694,-0.79014,-0.6193,-0.8115,-1.2279,0.21355,-0.2883,0.096099,-0.085421,-0.34168,-0.35236,-0.2883,-0.54456,-0.6193,-0.30965,-0.45914,0.48049,0.38439,0.46982,0.30965,0.25626,0.41643,0.59795,0.45914,-0.23491,0.68337,1.0251,0.30965,0.70472,0.86489,0.11745,0.43778,0.032033,0.053388,-1.324,-0.53388,-0.53388,-0.53388,-0.17084,-0.053388,0.1922,0.12813
0.32033,-0.77947,-0.66201,-0.80082,-1.1852,0.24559,-0.30965,0.10678,-0.085421,-0.2883,-0.34168,-0.2883,-0.5232,-0.56591,-0.27762,-0.49117,0.49117,0.39507,0.55524,0.23491,0.26694,0.40575,0.7154,0.60862,-0.18152,0.58727,1.0037,0.37372,0.7154,0.8115,0.12813,0.48049,0.064066,0.074743,-1.3454,-0.60862,-0.56591,-0.51253,-0.14949,-0.010678,0.26694,0.12813
0.25626,-0.77947,-0.59795,-0.80082,-1.292,0.2883,-0.24559,0.17084,-0.10678,-0.27762,-0.33101,-0.2883,-0.57659,-0.66201,-0.32033,-0.50185,0.51253,0.33101,0.5232,0.2883,0.23491,0.41643,0.62998,0.50185,-0.16016,0.6193,1.0891,0.45914,0.66201,0.8115,0.14949,0.44846,0.064066,0.032033,-1.2706,-0.6193,-0.5232,-0.46982,-0.14949,-0.053388,0.26694,0.18152
0.24559,-0.7154,-0.6193,-0.88624,-1.292,0.20287,-0.27762,0.042711,-0.085421,-0.30965,-0.34168,-0.32033,-0.5232,-0.67269,-0.27762,-0.46982,0.50185,0.36304,0.48049,0.29897,0.22423,0.39507,0.68337,0.54456,-0.16016,0.58727,1.0464,0.33101,0.69405,0.77947,0.13881,0.50185,0.064066,0.010678,-1.3027,-0.64066,-0.62998,-0.49117,-0.23491,-0.010678,0.23491,0.13881
0.25626,-0.74743,-0.64066,-0.74743,-1.2386,0.1922,-0.2883,0.11745,-0.074743,-0.2883,-0.23491,-0.27762,-0.55524,-0.72608,-0.25626,-0.43778,0.43778,0.38439,0.51253,0.2883,0.26694,0.41643,0.7154,0.56591,-0.13881,0.6193,1.0784,0.40575,0.62998,0.88624,0.10678,0.48049,0.074743,0.12813,-1.2172,-0.58727,-0.60862,-0.48049,-0.29897,0,0.20287,0.074743
0.24559,-0.79014,-0.60862,-0.8115,-1.2386,0.2883,-0.36304,0.053388,-0.10678,-0.35236,-0.2883,-0.27762,-0.55524,-0.68337,-0.34168,-0.48049,0.40575,0.34168,0.54456,0.29897,0.22423,0.41643,0.66201,0.49117,-0.17084,0.65134,1.0037,0.40575,0.65134,0.87557,0.12813,0.50185,0.053388,0.053388,-1.292,-0.66201,-0.54456,-0.51253,-0.1922,0.010678,0.25626,0.11745
0.23491,-0.77947,-0.57659,-0.77947,-1.2066,0.23491,-0.2883,0.064066,0,-0.29897,-0.2883,-0.42711,-0.54456,-0.69405,-0.30965,-0.49117,0.43778,0.33101,0.57659,0.2883,0.26694,0.40575,0.58727,0.51253,-0.18152,0.65134,0.98234,0.35236,0.6193,0.87557,0.14949,0.54456,0.064066,0.096099,-1.2813,-0.62998,-0.60862,-0.46982,-0.18152,-0.064066,0.1922,0.18152
0.22423,-0.72608,-0.57659,-0.82218,-1.324,0.24559,-0.29897,0.064066,-0.032033,-0.33101,-0.33101,-0.50185,-0.54456,-0.69405,-0.33101,-0.39507,0.43778,0.39507,0.53388,0.29897,0.29897,0.42711,0.6193,0.49117,-0.22423,0.59795,0.98234,0.35236,0.64066,0.84353,0.11745,0.53388,0.096099,0.074743,-1.1959,-0.65134,-0.54456,-0.45914,-0.14949,-0.053388,0.1922,0.085421
0.24559,-0.75811,-0.62998,-0.8115,-1.2172,0.23491,-0.33101,0.074743,-0.064066,-0.36304,-0.37372,-0.60862,-0.5232,-0.64066,-0.29897,-0.53388,0.45914,0.37372,0.53388,0.26694,0.29897,0.42711,0.58727,0.54456,-0.25626,0.60862,0.96099,0.30965,0.62998,0.82218,0.13881,0.56591,0.042711,0.10678,-1.26,-0.59795,-0.5232,-0.54456,-0.21355,0,0.1922,0.13881
0.20287,-0.75811,-0.58727,-0.86489,-1.1425,0.18152,-0.2883,0.074743,-0.042711,-0.33101,-0.30965,-0.56591,-0.5232,-0.67269,-0.24559,-0.51253,0.41643,0.30965,0.56591,0.26694,0.26694,0.41643,0.57659,0.53388,-0.26694,0.59795,0.98234,0.38439,0.67269,0.85421,0.12813,0.54456,0.10678,0.064066,-1.2493,-0.60862,-0.54456,-0.55524,-0.21355,-0.074743,0.22423,0.13881
0.22423,-0.76879,-0.60862,-0.76879,-1.1532,0.18152,-0.34168,0.021355,-0.12813,-0.33101,-0.35236,-0.48049,-0.51253,-0.66201,-0.30965,-0.5232,0.48049,0.36304,0.5232,0.23491,0.27762,0.41643,0.58727,0.51253,-0.18152,0.57659,0.92895,0.34168,0.66201,0.79014,0.14949,0.5232,0.064066,0.064066,-1.2706,-0.64066,-0.54456,-0.53388,-0.20287,-0.032033,0.25626,0.16016
0.25626,-0.73676,-0.56591,-0.86489,-1.0784,0.1922,-0.33101,0.053388,-0.032033,-0.36304,-0.35236,-0.49117,-0.55524,-0.56591,-0.32033,-0.5232,0.49117,0.37372,0.49117,0.30965,0.18152,0.43778,0.57659,0.45914,-0.1922,0.56591,0.9076,0.37372,0.66201,0.8115,0.13881,0.50185,0.085421,0.096099,-1.2172,-0.59795,-0.5232,-0.46982,-0.18152,0,0.21355,0.10678
0.24559,-0.77947,-0.58727,-0.84353,-1.1745,0.14949,-0.30965,0.074743,-0.21355,-0.40575,-0.36304,-0.45914,-0.56591,-0.60862,-0.37372,-0.46982,0.51253,0.36304,0.48049,0.27762,0.21355,0.44846,0.64066,0.53388,-0.16016,0.62998,0.92895,0.40575,0.72608,0.77947,0.13881,0.51253,0.074743,0.042711,-1.292,-0.64066,-0.51253,-0.50185,-0.1922,0.021355,0.26694,0.13881
0.22423,-0.75811,-0.56591,-0.89692,-1.2066,0.17084,-0.24559,0.096099,-0.22423,-0.44846,-0.32033,-0.43778,-0.50185,-0.57659,-0.25626,-0.42711,0.42711,0.32033,0.57659,0.32033,0.25626,0.5232,0.60862,0.46982,-0.18152,0.6193,0.93963,0.32033,0.70472,0.82218,0.13881,0.54456,0.10678,0.021355,-1.3133,-0.65134,-0.45914,-0.55524,-0.22423,-0.021355,0.20287,0.12813
0.25626,-0.74743,-0.5232,-0.85421,-1.1745,0.16016,-0.25626,0.13881,-0.1922,-0.45914,-0.33101,-0.40575,-0.48049,-0.58727,-0.34168,-0.48049,0.49117,0.34168,0.55524,0.2883,0.26694,0.48049,0.68337,0.55524,-0.22423,0.62998,0.98234,0.36304,0.64066,0.77947,0.16016,0.46982,0.064066,0.010678,-1.3027,-0.57659,-0.51253,-0.45914,-0.18152,-0.053388,0.30965,0.085421
0.29897,-0.72608,-0.53388,-0.85421,-1.1852,0.13881,-0.30965,0.085421,-0.021355,-0.43778,-0.35236,-0.49117,-0.58727,-0.59795,-0.36304,-0.45914,0.49117,0.2883,0.55524,0.36304,0.25626,0.48049,0.60862,0.50185,-0.17084,0.62998,0.97166,0.32033,0.69405,0.79014,0.16016,0.5232,0.064066,0.021355,-1.26,-0.56591,-0.51253,-0.46982,-0.18152,-0.042711,0.16016,0.085421
0.23491,-0.76879,-0.56591,-0.83285,-1.1639,0.12813,-0.25626,0.064066,0.074743,-0.41643,-0.2883,-0.49117,-0.56591,-0.64066,-0.34168,-0.49117,0.51253,0.38439,0.60862,0.37372,0.23491,0.43778,0.58727,0.5232,-0.17084,0.60862,0.92895,0.33101,0.67269,0.80082,0.14949,0.50185,0.032033,0.042711,-1.2172,-0.6193,-0.5232,-0.51253,-0.21355,-0.064066,0.20287,0.10678
0.27762,-0.79014,-0.49117,-0.82218,-1.1318,0.20287,-0.34168,0.042711,0.096099,-0.43778,-0.29897,-0.44846,-0.49117,-0.65134,-0.27762,-0.43778,0.57659,0.37372,0.57659,0.36304,0.26694,0.48049,0.64066,0.46982,-0.13881,0.6193,0.92895,0.34168,0.68337,0.82218,0.12813,0.5232,0,0.042711,-1.2386,-0.64066,-0.54456,-0.54456,-0.22423,0.021355,0.20287,0.074743
0.20287,-0.73676,-0.5232,-0.91828,-1.1532,0.16016,-0.22423,0.096099,-0.021355,-0.43778,-0.30965,-0.46982,-0.54456,-0.66201,-0.22423,-0.51253,0.49117,0.37372,0.62998,0.34168,0.25626,0.39507,0.66201,0.51253,-0.16016,0.60862,0.95031,0.40575,0.70472,0.83285,0.12813,0.57659,-0.10678,0.096099,-1.3667,-0.59795,-0.57659,-0.5232,-0.14949,0.021355,0.14949,0.042711
0.25626,-0.80082,-0.53388,-0.84353,-1.2066,0.12813,-0.26694,0.064066,0.021355,-0.43778,-0.24559,-0.50185,-0.45914,-0.67269,-0.32033,-0.50185,0.44846,0.36304,0.55524,0.26694,0.24559,0.43778,0.6193,0.50185,-0.16016,0.64066,0.93963,0.30965,0.59795,0.83285,0.14949,0.51253,-0.074743,0.064066,-1.26,-0.67269,-0.54456,-0.46982,-0.16016,-0.032033,0.21355,0.064066
0.26694,-0.73676,-0.48049,-0.82218,-1.1745,0.14949,-0.23491,0.042711,0,-0.45914,-0.2883,-0.42711,-0.49117,-0.67269,-0.26694,-0.45914,0.50185,0.36304,0.57659,0.38439,0.23491,0.43778,0.65134,0.46982,-0.14949,0.65134,0.89692,0.38439,0.66201,0.82218,0.11745,0.6193,-0.064066,0.021355,-1.2172,-0.65134,-0.51253,-0.51253,-0.21355,0.010678,0.17084,0.10678
0.27762,-0.83285,-0.45914,-0.87557,-1.1532,0.17084,-0.27762,0.096099,0.010678,-0.45914,-0.36304,-0.44846,-0.45914,-0.65134,-0.32033,-0.44846,0.50185,0.30965,0.54456,0.27762,0.29897,0.42711,0.67269,0.42711,-0.13881,0.66201,0.88624,0.36304,0.60862,0.76879,0.11745,0.66201,-0.074743,0.074743,-1.26,-0.6193,-0.46982,-0.48049,-0.17084,-0.010678,0.1922,0.074743
0.24559,-0.76879,-0.48049,-0.87557,-1.1852,0.14949,-0.27762,0.010678,-0.010678,-0.48049,-0.32033,-0.40575,-0.45914,-0.59795,-0.30965,-0.45914,0.60862,0.34168,0.57659,0.30965,0.23491,0.39507,0.68337,0.46982,-0.14949,0.67269,0.89692,0.32033,0.64066,0.8115,0.17084,0.70472,-0.010678,0.021355,-1.2066,-0.64066,-0.53388,-0.50185,-0.20287,-0.010678,0.20287,0.10678
0.24559,-0.74743,-0.53388,-0.88624,-1.1425,0.12813,-0.17084,0.042711,0.010678,-0.48049,-0.39507,-0.43778,-0.48049,-0.6193,-0.27762,-0.49117,0.53388,0.33101,0.58727,0.23491,0.1922,0.42711,0.68337,0.50185,-0.14949,0.62998,0.83285,0.30965,0.65134,0.73676,0.14949,0.59795,-0.032033,0.010678,-1.26,-0.56591,-0.5232,-0.46982,-0.17084,-0.010678,0.1922,0.064066
0.20287,-0.76879,-0.54456,-0.91828,-1.1532,0.18152,-0.23491,0.042711,-0.010678,-0.41643,-0.40575,-0.46982,-0.55524,-0.64066,-0.2883,-0.50185,0.54456,0.36304,0.54456,0.39507,0.22423,0.41643,0.6193,0.46982,-0.12813,0.62998,0.91828,0.35236,0.65134,0.73676,0.20287,0.60862,-0.074743,0.096099,-1.2279,-0.67269,-0.57659,-0.46982,-0.13881,0.010678,0.20287,0.010678
0.1922,-0.75811,-0.46982,-0.9076,-1.2066,0.085421,-0.27762,0.042711,-0.010678,-0.38439,-0.27762,-0.38439,-0.55524,-0.6193,-0.27762,-0.45914,0.57659,0.33101,0.5232,0.38439,0.29897,0.43778,0.65134,0.5232,-0.18152,0.60862,0.92895,0.30965,0.67269,0.74743,0.17084,0.49117,-0.053388,0.032033,-1.2706,-0.65134,-0.60862,-0.53388,-0.13881,-0.032033,0.12813,0.053388
0.18152,-0.74743,-0.50185,-0.79014,-1.1852,0.12813,-0.24559,0.042711,0.021355,-0.48049,-0.2883,-0.44846,-0.68337,-0.66201,-0.2883,-0.42711,0.53388,0.2883,0.57659,0.34168,0.22423,0.42711,0.62998,0.43778,-0.14949,0.62998,0.89692,0.32033,0.68337,0.77947,0.10678,0.66201,-0.053388,0.021355,-1.2172,-0.65134,-0.57659,-0.45914,-0.18152,-0.096099,0.24559,0.010678
0.14949,-0.83285,-0.56591,-0.82218,-1.1532,0.13881,-0.16016,0.042711,0.1922,-0.38439,-0.38439,-0.42711,-0.69405,-0.6193,-0.22423,-0.40575,0.54456,0.32033,0.55524,0.40575,0.24559,0.37372,0.64066,0.43778,-0.11745,0.65134,0.88624,0.35236,0.64066,0.75811,0.14949,0.55524,-0.042711,0.074743,-1.1852,-0.69405,-0.62998,-0.50185,-0.1922,-0.085421,0.20287,0.085421
0.12813,-0.74743,-0.50185,-0.91828,-1.2066,0.11745,-0.2883,0.021355,0.021355,-0.46982,-0.37372,-0.43778,-0.70472,-0.62998,-0.20287,-0.42711,0.51253,0.30965,0.54456,0.38439,0.24559,0.40575,0.66201,0.42711,-0.11745,0.6193,0.89692,0.37372,0.62998,0.82218,0.14949,0.54456,-0.064066,-0.021355,-1.2279,-0.57659,-0.60862,-0.58727,-0.24559,-0.042711,0.18152,0.042711
0.17084,-0.76879,-0.54456,-0.82218,-1.1639,0.11745,-0.27762,0.053388,-0.021355,-0.43778,-0.30965,-0.43778,-0.64066,-0.57659,-0.13881,-0.42711,0.5232,0.37372,0.5232,0.36304,0.1922,0.48049,0.65134,0.49117,-0.11745,0.6193,0.89692,0.2883,0.67269,0.77947,0.10678,0.6193,-0.042711,0.042711,-1.2386,-0.66201,-0.55524,-0.49117,-0.21355,-0.032033,0.21355,-0.021355
0.12813,-0.85421,-0.49117,-0.86489,-1.1639,0.17084,-0.23491,0.053388,0.042711,-0.43778,-0.36304,-0.49117,-0.69405,-0.67269,-0.21355,-0.49117,0.58727,0.34168,0.6193,0.36304,0.26694,0.38439,0.70472,0.46982,-0.14949,0.57659,0.96099,0.34168,0.65134,0.76879,0.1922,0.65134,-0.021355,0.064066,-1.1425,-0.60862,-0.59795,-0.54456,-0.20287,-0.021355,0.13881,0.021355
0.17084,-0.82218,-0.46982,-0.84353,-1.1959,0.13881,-0.2883,0.064066,0.074743,-0.45914,-0.26694,-0.46982,-0.60862,-0.64066,-0.14949,-0.45914,0.60862,0.27762,0.56591,0.35236,0.20287,0.45914,0.69405,0.46982,-0.17084,0.59795,0.85421,0.2883,0.58727,0.77947,0.11745,0.6193,-0.042711,0.032033,-1.2386,-0.6193,-0.60862,-0.51253,-0.22423,-0.096099,0.12813,-0.032033
0.17084,-0.84353,-0.45914,-0.87557,-1.1318,0.14949,-0.24559,0.074743,-0.032033,-0.43778,-0.38439,-0.42711,-0.67269,-0.60862,-0.2883,-0.44846,0.56591,0.29897,0.57659,0.39507,0.21355,0.40575,0.68337,0.44846,-0.13881,0.60862,0.86489,0.29897,0.67269,0.85421,0.13881,0.56591,-0.11745,0.10678,-1.2279,-0.57659,-0.53388,-0.53388,-0.25626,-0.074743,0.18152,0.021355
0.18152,-0.86489,-0.53388,-0.87557,-1.1639,0.18152,-0.22423,0.064066,0.010678,-0.41643,-0.34168,-0.43778,-0.55524,-0.6193,-0.23491,-0.48049,0.5232,0.30965,0.54456,0.37372,0.24559,0.40575,0.64066,0.46982,-0.16016,0.72608,0.87557,0.29897,0.70472,0.91828,0.13881,0.67269,0.042711,0.096099,-1.1852,-0.60862,-0.54456,-0.53388,-0.1922,-0.032033,0.13881,0
0.16016,-0.87557,-0.46982,-0.84353,-1.2172,0.18152,-0.21355,0,0.053388,-0.41643,-0.36304,-0.42711,-0.66201,-0.57659,-0.25626,-0.49117,0.58727,0.40575,0.49117,0.35236,0.25626,0.44846,0.74743,0.45914,-0.12813,0.68337,0.87557,0.39507,0.64066,0.9076,0.14949,0.65134,0.032033,0.053388,-1.1959,-0.55524,-0.50185,-0.50185,-0.13881,0.085421,0.13881,0.074743
0.17084,-0.83285,-0.50185,-0.88624,-1.1745,0.22423,-0.22423,0.042711,-0.042711,-0.42711,-0.35236,-0.42711,-0.6193,-0.62998,-0.22423,-0.50185,0.53388,0.29897,0.53388,0.36304,0.20287,0.37372,0.72608,0.46982,-0.11745,0.65134,0.88624,0.33101,0.62998,0.74743,0.11745,0.62998,-0.010678,0.085421,-1.2386,-0.58727,-0.53388,-0.44846,-0.18152,0.22423,0.25626,0.032033
0.22423,-0.72608,-0.45914,-0.74743,-1.1639,0.17084,-0.24559,-0.010678,0.032033,-0.39507,-0.42711,-0.41643,-0.7154,-0.6193,-0.23491,-0.50185,0.50185,0.29897,0.49117,0.42711,0.1922,0.45914,0.70472,0.50185,-0.14949,0.68337,0.91828,0.32033,0.5232,0.84353,0.096099,0.58727,0.010678,0.064066,-1.1959,-0.56591,-0.53388,-0.51253,-0.22423,0.17084,0.18152,-0.032033
0.17084,-0.79014,-0.51253,-0.8115,-1.2172,0.13881,-0.21355,0.064066,0.064066,-0.41643,-0.38439,-0.46982,-0.58727,-0.60862,-0.26694,-0.51253,0.54456,0.29897,0.54456,0.41643,0.21355,0.42711,0.75811,0.55524,-0.13881,0.60862,0.87557,0.30965,0.32033,0.79014,0.11745,0.64066,-0.053388,0.10678,-1.2279,-0.59795,-0.55524,-0.49117,-0.13881,0.064066,0.14949,0.021355
0.16016,-0.80082,-0.43778,-0.76879,-1.0891,0.10678,-0.21355,-0.074743,0.064066,-0.42711,-0.33101,-0.42711,-0.6193,-0.64066,-0.23491,-0.40575,0.57659,0.25626,0.54456,0.43778,0.24559,0.43778,0.76879,0.46982,-0.10678,0.64066,0.9076,0.34168,0.1922,0.86489,0.13881,0.6193,0,0.10678,-1.2172,-0.6193,-0.59795,-0.51253,-0.18152,-0.032033,0.1922,-0.010678
0.12813,-0.80082,-0.50185,-0.8115,-1.1959,0.096099,-0.23491,0.010678,0.032033,-0.45914,-0.37372,-0.46982,-0.60862,-0.62998,-0.23491,-0.49117,0.48049,0.30965,0.57659,0.41643,0.16016,0.34168,0.74743,0.54456,-0.11745,0.56591,0.88624,0.34168,0.18152,0.79014,0.13881,0.59795,-0.021355,0.18152,-1.1745,-0.56591,-0.59795,-0.50185,-0.21355,-0.064066,0.20287,-0.010678
0.16016,-0.8115,-0.51253,-0.77947,-1.1959,0.14949,-0.21355,0.021355,0.042711,-0.46982,-0.34168,-0.32033,-0.65134,-0.62998,-0.2883,-0.49117,0.55524,0.27762,0.51253,0.39507,0.26694,0.21355,0.73676,0.46982,-0.14949,0.53388,0.88624,0.36304,0.1922,0.85421,0.21355,0.67269,-0.010678,0.17084,-1.2066,-0.58727,-0.57659,-0.53388,-0.25626,-0.010678,0.14949,-0.042711
0.20287,-0.76879,-0.48049,-0.74743,-1.1318,0.14949,-0.21355,0.010678,0.032033,-0.43778,-0.33101,-0.46982,-0.64066,-0.68337,-0.2883,-0.41643,0.51253,0.35236,0.49117,0.39507,0.22423,0.13881,0.68337,0.48049,-0.042711,0.59795,0.89692,0.32033,0.22423,0.77947,0.13881,0.64066,0,0.11745,-1.1745,-0.60862,-0.60862,-0.55524,-0.18152,0,0.16016,-0.053388
0.17084,-0.9076,-0.45914,-0.72608,-1.2066,0.11745,-0.1922,0.010678,0.085421,-0.39507,-0.35236,-0.39507,-0.54456,-0.65134,-0.27762,-0.43778,0.56591,0.32033,0.50185,0.38439,0.25626,0.12813,0.74743,0.46982,-0.096099,0.60862,0.87557,0.26694,0.24559,0.85421,0.11745,0.68337,-0.085421,0.16016,-1.1532,-0.58727,-0.7154,-0.57659,-0.21355,-0.010678,0.25626,-0.053388
0.13881,-0.82218,-0.48049,-0.82218,-1.0678,0.20287,-0.24559,0.064066,0.021355,-0.41643,-0.37372,-0.45914,-0.64066,-0.66201,-0.23491,-0.46982,0.50185,0.24559,0.60862,0.34168,0.24559,0.13881,0.74743,0.43778,-0.096099,0.6193,0.9076,0.34168,0.20287,0.80082,0.18152,0.69405,-0.010678,0.1922,-1.1852,-0.6193,-0.73676,-0.53388,-0.20287,-0.042711,0.21355,-0.010678
0.20287,-0.80082,-0.50185,-0.76879,-1.1212,0.10678,-0.22423,-0.042711,0.021355,-0.49117,-0.35236,-0.45914,-0.64066,-0.59795,-0.27762,-0.49117,0.53388,0.34168,0.50185,0.48049,0.24559,0.23491,0.73676,0.49117,-0.085421,0.60862,0.8115,0.38439,0.24559,0.82218,0.21355,0.66201,0.010678,0.17084,-1.1212,-0.56591,-0.73676,-0.57659,-0.14949,0,0.21355,0.021355
0.14949,-0.82218,-0.54456,-0.74743,-1.1212,0.14949,-0.26694,-0.042711,0.010678,-0.42711,-0.40575,-0.40575,-0.6193,-0.56591,-0.26694,-0.43778,0.59795,0.29897,0.50185,0.32033,0.26694,0.16016,0.79014,0.48049,-0.053388,0.59795,0.85421,0.34168,0.25626,0.79014,0.23491,0.66201,-0.021355,0.16016,-1.0998,-0.45914,-0.62998,-0.49117,-0.1922,0.010678,0.14949,0
0.16016,-0.79014,-0.50185,-0.74743,-1.1745,0.14949,-0.17084,-0.053388,0.11745,-0.40575,-0.41643,-0.45914,-0.59795,-0.64066,-0.25626,-0.48049,0.70472,0.32033,0.45914,0.38439,0.14949,0.24559,0.77947,0.49117,-0.096099,0.60862,0.89692,0.2883,0.23491,0.82218,0.11745,0.68337,0.053388,0.21355,-1.1959,-0.45914,-0.65134,-0.5232,-0.096099,-0.010678,0.096099,-0.010678
0.20287,-0.88624,-0.57659,-0.84353,-1.0998,0.14949,-0.26694,0.021355,0.032033,-0.42711,-0.41643,-0.41643,-0.65134,-0.59795,-0.2883,-0.48049,0.74743,0.32033,0.55524,0.40575,0.24559,0.20287,0.8115,0.53388,-0.032033,0.62998,0.9076,0.39507,0.25626,0.82218,0.021355,0.69405,0,0.18152,-1.1639,-0.49117,-0.70472,-0.58727,-0.22423,0.042711,0.18152,-0.010678
0.17084,-0.80082,-0.57659,-0.8115,-1.1425,0.13881,-0.26694,-0.053388,0.042711,-0.46982,-0.35236,-0.44846,-0.60862,-0.6193,-0.21355,-0.51253,0.7154,0.33101,0.51253,0.34168,0.21355,0.29897,0.84353,0.50185,-0.096099,0.65134,0.92895,0.2883,0.32033,0.8115,-0.042711,0.66201,0.064066,0.22423,-1.1425,-0.49117,-0.62998,-0.49117,-0.17084,0.032033,0.17084,-0.021355
0.12813,-0.77947,-0.56591,-0.73676,-1.1852,0.064066,-0.21355,-0.032033,0.074743,-0.39507,-0.39507,-0.36304,-0.58727,-0.55524,-0.25626,-0.42711,0.60862,0.32033,0.50185,0.41643,0.21355,0.16016,0.76879,0.5232,-0.074743,0.6193,0.74743,0.40575,0.32033,0.85421,-0.021355,0.70472,0.010678,0.20287,-1.1639,-0.50185,-0.64066,-0.58727,-0.096099,0.021355,0.21355,-0.032033
0.23491,-0.77947,-0.51253,-0.69405,-1.0998,0.12813,-0.20287,0.085421,0.042711,-0.44846,-0.37372,-0.37372,-0.59795,-0.64066,-0.24559,-0.43778,0.64066,0.37372,0.57659,0.41643,0.26694,0.21355,0.75811,0.54456,-0.021355,0.60862,0.73676,0.37372,0.33101,0.79014,0.042711,0.69405,0.042711,0.24559,-1.1852,-0.49117,-0.67269,-0.56591,-0.16016,0.042711,0.12813,0.010678
0.20287,-0.74743,-0.50185,-0.67269,-1.1212,0.18152,-0.30965,0,0.096099,-0.44846,-0.37372,-0.37372,-0.58727,-0.67269,-0.27762,-0.41643,0.60862,0.2883,0.48049,0.37372,0.34168,0.23491,0.74743,0.51253,-0.096099,0.65134,0.84353,0.33101,0.27762,0.82218,0,0.67269,0.021355,0.22423,-1.1532,-0.44846,-0.64066,-0.53388,-0.17084,0,0.24559,0
0.21355,-0.80082,-0.55524,-0.73676,-1.1105,0.12813,-0.24559,-0.021355,0.064066,-0.45914,-0.39507,-0.42711,-0.60862,-0.59795,-0.22423,-0.41643,0.59795,0.24559,0.59795,0.46982,0.26694,0.17084,0.77947,0.49117,-0.053388,0.64066,0.79014,0.34168,0.29897,0.77947,0.032033,0.64066,0.096099,0.23491,-1.1639,-0.51253,-0.64066,-0.45914,-0.18152,0.042711,0.20287,-0.010678
0.20287,-0.85421,-0.59795,-0.8115,-1.1425,0.13881,-0.23491,-0.085421,0.11745,-0.43778,-0.34168,-0.38439,-0.51253,-0.58727,-0.1922,-0.32033,0.67269,0.2883,0.53388,0.38439,0.1922,0.12813,0.79014,0.48049,-0.032033,0.67269,0.76879,0.36304,0.30965,0.84353,0.021355,0.67269,0.042711,0.24559,-1.1318,-0.5232,-0.66201,-0.58727,-0.1922,0.042711,0.22423,-0.053388
0.23491,-0.79014,-0.46982,-0.93963,-1.1318,0.16016,-0.30965,-0.010678,0.074743,-0.43778,-0.34168,-0.42711,-0.55524,-0.59795,-0.25626,-0.45914,0.62998,0.32033,0.48049,0.40575,0.20287,0.18152,0.8115,0.46982,-0.042711,0.6193,0.8115,0.39507,0.30965,0.8115,0.053388,0.7154,0.021355,0.22423,-1.1318,-0.56591,-0.6193,-0.54456,-0.18152,-0.032033,0.21355,0.074743
0.20287,-0.8115,-0.5232,-0.96099,-1.0998,0.16016,-0.23491,-0.042711,0.042711,-0.42711,-0.33101,-0.39507,-0.58727,-0.6193,-0.22423,-0.44846,0.64066,0.33101,0.54456,0.36304,0.10678,0.14949,0.80082,0.41643,-0.14949,0.6193,0.7154,0.39507,0.26694,0.77947,0.032033,0.73676,0,0.21355,-1.0678,-0.56591,-0.60862,-0.49117,-0.16016,0.010678,0.20287,-0.13881
0.18152,-0.85421,-0.51253,-0.9076,-1.0571,0.16016,-0.27762,-0.053388,0.064066,-0.46982,-0.35236,-0.40575,-0.54456,-0.62998,-0.25626,-0.46982,0.62998,0.33101,0.48049,0.43778,0.14949,0.14949,0.76879,0.49117,-0.16016,0.65134,0.75811,0.44846,0.29897,0.8115,0,0.67269,0.053388,0.25626,-1.0571,-0.48049,-0.58727,-0.54456,-0.12813,0.010678,0.22423,-0.24559
0.22423,-0.8115,-0.5232,-0.88624,-1.1105,0.11745,-0.25626,-0.053388,0.085421,-0.44846,-0.39507,-0.40575,-0.55524,-0.65134,-0.27762,-0.40575,0.68337,0.33101,0.51253,0.37372,0.18152,0.1922,0.84353,0.48049,-0.20287,0.59795,0.73676,0.38439,0.2883,0.8115,0.096099,0.66201,0.010678,0.21355,-1.1318,-0.51253,-0.54456,-0.54456,-0.13881,0.042711,0.23491,-0.1922
0.22423,-0.86489,-0.53388,-0.88624,-1.0891,0.13881,-0.2883,-0.074743,0.096099,-0.40575,-0.32033,-0.42711,-0.6193,-0.57659,-0.27762,-0.43778,0.69405,0.32033,0.44846,0.39507,0.20287,0.21355,0.8115,0.42711,-0.17084,0.59795,0.66201,0.40575,0.27762,0.74743,-0.032033,0.70472,0.042711,0.25626,-1.1105,-0.53388,-0.65134,-0.46982,-0.1922,0.032033,0.20287,-0.14949
0.25626,-0.83285,-0.54456,-0.74743,-1.0998,0.13881,-0.17084,-0.064066,0.10678,-0.38439,-0.32033,-0.36304,-0.56591,-0.66201,-0.20287,-0.43778,0.6193,0.32033,0.48049,0.23491,0.18152,0.18152,0.85421,0.46982,-0.16016,0.66201,0.62998,0.36304,0.29897,0.8115,-0.010678,0.72608,0.021355,0.26694,-1.1532,-0.53388,-0.62998,-0.51253,-0.13881,0.032033,0.27762,-0.12813
0.25626,-0.77947,-0.55524,-0.83285,-1.1212,0.12813,-0.24559,-0.010678,0.096099,-0.35236,-0.34168,-0.42711,-0.55524,-0.57659,-0.26694,-0.45914,0.69405,0.35236,0.48049,0.1922,0.085421,0.1922,0.76879,0.50185,-0.14949,0.58727,0.65134,0.34168,0.30965,0.73676,0,0.69405,0.032033,0.21355,-1.0998,-0.48049,-0.65134,-0.50185,-0.17084,-0.010678,0.32033,-0.13881
0.1922,-0.77947,-0.5232,-0.79014,-1.1212,0.14949,-0.30965,-0.010678,0.021355,-0.34168,-0.33101,-0.38439,-0.55524,-0.6193,-0.22423,-0.46982,0.62998,0.36304,0.51253,0.16016,0.1922,0.1922,0.72608,0.50185,-0.12813,0.58727,0.69405,0.36304,0.32033,0.82218,-0.021355,0.69405,0.021355,0.1922,-1.1105,-0.53388,-0.68337,-0.5232,-0.18152,0.085421,0.30965,-0.14949
0.29897,-0.84353,-0.56591,-0.82218,-1.0571,0.085421,-0.21355,-0.021355,-0.053388,-0.36304,-0.27762,-0.37372,-0.62998,-0.57659,-0.21355,-0.45914,0.60862,0.26694,0.45914,0.25626,0.1922,0.16016,0.72608,0.54456,-0.10678,0.56591,0.64066,0.36304,0.23491,0.74743,0.032033,0.70472,0.010678,0.24559,-1.1318,-0.54456,-0.60862,-0.54456,-0.22423,0,0.25626,-0.11745
0.23491,-0.8115,-0.55524,-0.77947,-1.0464,0.13881,-0.22423,-0.032033,-0.16016,-0.35236,-0.26694,-0.38439,-0.54456,-0.59795,-0.18152,-0.35236,0.58727,0.35236,0.55524,0.16016,0.16016,0.21355,0.69405,0.45914,-0.12813,0.55524,0.68337,0.36304,0.33101,0.76879,0.021355,0.74743,0,0.22423,-1.1212,-0.53388,-0.62998,-0.55524,-0.17084,0.053388,0.22423,-0.16016
0.1922,-0.76879,-0.54456,-0.74743,-1.0251,0.10678,-0.21355,-0.021355,-0.14949,-0.38439,-0.20287,-0.44846,-0.54456,-0.59795,-0.26694,-0.40575,0.59795,0.29897,0.50185,0.22423,0.16016,0.25626,0.66201,0.44846,-0.074743,0.64066,0.64066,0.37372,0.37372,0.79014,-0.021355,0.68337,0.032033,0.23491,-1.1425,-0.56591,-0.58727,-0.50185,-0.18152,0.096099,0.1922,-0.12813
0.22423,-0.77947,-0.53388,-0.7154,-1.0998,0.16016,-0.1922,-0.064066,-0.085421,-0.38439,-0.24559,-0.49117,-0.60862,-0.58727,-0.18152,-0.44846,0.64066,0.32033,0.41643,0.23491,0.20287,0.16016,0.77947,0.42711,-0.14949,0.56591,0.57659,0.50185,0.34168,0.7154,0.010678,0.7154,-0.021355,0.30965,-1.1318,-0.55524,-0.60862,-0.40575,-0.18152,0.010678,0.24559,-0.17084
0.1922,-0.77947,-0.48049,-0.75811,-1.0571,0.16016,-0.2883,0.032033,-0.22423,-0.37372,-0.23491,-0.44846,-0.50185,-0.57659,-0.26694,-0.43778,0.59795,0.25626,0.51253,0.1922,0.13881,0.14949,0.73676,0.43778,-0.14949,0.62998,0.60862,0.48049,0.33101,0.76879,0.053388,0.76879,0.085421,0.26694,-1.0998,-0.45914,-0.59795,-0.46982,-0.11745,0.042711,0.20287,-0.17084
0.23491,-0.84353,-0.43778,-0.75811,-1.0571,0.18152,-0.1922,-0.010678,-0.10678,-0.29897,-0.22423,-0.41643,-0.55524,-0.6193,-0.26694,-0.42711,0.70472,0.25626,0.49117,0.24559,0.16016,0.1922,0.65134,0.48049,-0.13881,0.64066,0.60862,0.40575,0.37372,0.73676,0.064066,0.69405,0.074743,0.27762,-1.1532,-0.50185,-0.58727,-0.45914,-0.25626,0.042711,0.29897,-0.10678
0.18152,-0.85421,-0.51253,-0.73676,-1.0357,0.14949,-0.23491,-0.064066,-0.085421,-0.35236,-0.27762,-0.42711,-0.57659,-0.51253,-0.21355,-0.49117,0.64066,0.30965,0.5232,0.1922,0.12813,0.16016,0.76879,0.42711,-0.12813,0.62998,0.6193,0.40575,0.34168,0.66201,-0.021355,0.72608,0.032033,0.25626,-1.2172,-0.46982,-0.58727,-0.46982,-0.25626,0.064066,0.21355,-0.14949
0.21355,-0.74743,-0.53388,-0.8115,-1.0464,0.13881,-0.24559,-0.053388,-0.074743,-0.38439,-0.22423,-0.39507,-0.57659,-0.56591,-0.22423,-0.45914,0.66201,0.2883,0.51253,0.24559,0.12813,0.23491,0.76879,0.51253,-0.11745,0.6193,0.56591,0.30965,0.29897,0.7154,-0.032033,0.70472,0.021355,0.22423,-1.1639,-0.45914,-0.56591,-0.46982,-0.29897,0.021355,0.23491,-0.085421
0.17084,-0.8115,-0.5232,-0.77947,-1.0571,0.12813,-0.18152,0.010678,-0.042711,-0.32033,-0.1922,-0.38439,-0.54456,-0.54456,-0.23491,-0.44846,0.65134,0.32033,0.5232,0.16016,0.16016,0.25626,0.75811,0.49117,-0.096099,0.62998,0.65134,0.38439,0.2883,0.73676,-0.074743,0.70472,0.042711,0.22423,-1.0784,-0.46982,-0.54456,-0.46982,-0.34168,0.064066,0.22423,-0.16016
0.12813,-0.73676,-0.49117,-0.76879,-1.0464,0.17084,-0.1922,-0.053388,-0.096099,-0.30965,-0.22423,-0.39507,-0.49117,-0.62998,-0.18152,-0.48049,0.60862,0.32033,0.49117,0.2883,0.14949,0.16016,0.80082,0.48049,-0.16016,0.62998,0.65134,0.32033,0.36304,0.70472,-0.053388,0.76879,0.096099,0.17084,-1.1425,-0.43778,-0.62998,-0.48049,-0.37372,0.085421,0.2883,-0.1922
0.1922,-0.77947,-0.54456,-0.67269,-1.0571,0.12813,-0.1922,0.032033,-0.064066,-0.30965,-0.21355,-0.43778,-0.56591,-0.54456,-0.18152,-0.42711,0.65134,0.29897,0.42711,0.23491,0.24559,0.21355,0.79014,0.54456,-0.12813,0.6193,0.6193,0.34168,0.37372,0.73676,0.010678,0.74743,0.021355,0.021355,-1.1852,-0.46982,-0.57659,-0.48049,-0.33101,0.096099,0.1922,-0.17084
0.22423,-0.80082,-0.51253,-0.68337,-1.0357,0.085421,-0.21355,0.042711,-0.021355,-0.38439,-0.20287,-0.43778,-0.49117,-0.60862,-0.21355,-0.44846,0.62998,0.24559,0.44846,0.25626,0.17084,0.17084,0.76879,0.57659,-0.14949,0.65134,0.64066,0.40575,0.34168,0.7154,-0.032033,0.70472,-0.010678,0.064066,-1.2279,-0.48049,-0.56591,-0.43778,-0.35236,0.010678,0.24559,-0.14949
0.21355,-0.80082,-0.55524,-0.72608,-1.0357,0.20287,-0.14949,0.032033,-0.053388,-0.37372,-0.12813,-0.43778,-0.51253,-0.62998,-0.21355,-0.42711,0.68337,0.2883,0.34168,0.26694,0.18152,0.20287,0.70472,0.50185,-0.17084,0.59795,0.60862,0.39507,0.33101,0.80082,0.021355,0.7154,0.032033,0.24559,-1.1959,-0.50185,-0.6193,-0.45914,-0.24559,0.021355,0.24559,-0.17084
0.24559,-0.79014,-0.54456,-0.70472,-1.0144,0.11745,-0.2883,0.074743,-0.12813,-0.37372,-0.18152,-0.45914,-0.5232,-0.69405,-0.20287,-0.46982,0.65134,0.2883,0.45914,0.20287,0.17084,0.21355,0.74743,0.51253,-0.074743,0.64066,0.56591,0.38439,0.37372,0.84353,0,0.73676,0.021355,0.25626,-1.1425,-0.54456,-0.6193,-0.37372,-0.32033,0.032033,0.30965,-0.17084
0.18152,-0.79014,-0.57659,-0.70472,-0.99302,0.12813,-0.1922,-0.053388,-0.021355,-0.37372,-0.11745,-0.40575,-0.56591,-0.76879,-0.18152,-0.45914,0.58727,0.2883,0.5232,0.27762,0.1922,0.17084,0.73676,0.51253,-0.13881,0.6193,0.60862,0.39507,0.41643,0.74743,0.021355,0.70472,0.053388,0.27762,-1.1425,-0.50185,-0.55524,-0.51253,-0.38439,0.021355,0.17084,-0.10678
0.14949,-0.73676,-0.5232,-0.68337,-1.0891,0.096099,-0.20287,-0.14949,-0.074743,-0.42711,-0.12813,-0.46982,-0.5232,-0.79014,-0.14949,-0.44846,0.64066,0.2883,0.48049,0.26694,0.21355,0.17084,0.85421,0.44846,-0.10678,0.64066,0.55524,0.37372,0.36304,0.77947,0.042711,0.72608,0.042711,0.30965,-1.2172,-0.48049,-0.57659,-0.59795,-0.30965,0.064066,0.18152,-0.096099
0.17084,-0.80082,-0.49117,-0.68337,-1.0357,-0.010678,-0.17084,-0.14949,-0.085421,-0.32033,-0.17084,-0.49117,-0.50185,-0.76879,-0.20287,-0.43778,0.6193,0.27762,0.43778,0.22423,0.17084,0.16016,0.70472,0.49117,-0.13881,0.58727,0.55524,0.36304,0.30965,0.7154,-0.042711,0.80082,0.021355,0.23491,-1.1852,-0.46982,-0.55524,-0.65134,-0.29897,0.021355,0.23491,-0.085421
0.22423,-0.74743,-0.50185,-0.68337,-1.0464,0.021355,-0.23491,-0.085421,-0.096099,-0.36304,-0.16016,-0.41643,-0.48049,-0.74743,-0.22423,-0.43778,0.64066,0.26694,0.43778,0.21355,0.12813,0.17084,0.79014,0.48049,-0.13881,0.66201,0.55524,0.40575,0.30965,0.72608,-0.032033,0.72608,0.021355,0.21355,-1.1532,-0.43778,-0.56591,-0.56591,-0.26694,0.021355,0.27762,-0.12813
0.23491,-0.80082,-0.5232,-0.75811,-1.0464,0.021355,-0.24559,0.032033,-0.096099,-0.36304,-0.11745,-0.41643,-0.56591,-0.70472,-0.20287,-0.48049,0.62998,0.32033,0.48049,0.24559,0.20287,0.18152,0.77947,0.48049,-0.12813,0.60862,0.56591,0.37372,0.35236,0.76879,-0.042711,0.75811,0,0.24559,-1.1532,-0.44846,-0.57659,-0.55524,-0.33101,0.14949,0.24559,-0.17084
0.21355,-0.74743,-0.55524,-0.70472,-1.0464,0.13881,-0.25626,0.085421,-0.064066,-0.32033,-0.14949,-0.36304,-0.5232,-0.72608,-0.13881,-0.39507,0.66201,0.2883,0.45914,0.2883,0.25626,0.13881,0.8115,0.46982,-0.16016,0.64066,0.55524,0.36304,0.30965,0.7154,-0.074743,0.75811,0.021355,0.27762,-1.1318,-0.46982,-0.48049,-0.60862,-0.24559,0.032033,0.24559,-0.16016
0.21355,-0.76879,-0.50185,-0.73676,-1.0251,0.053388,-0.21355,0.064066,-0.096099,-0.24559,-0.10678,-0.44846,-0.51253,-0.7154,-0.17084,-0.43778,0.64066,0.2883,0.42711,0.26694,0.16016,0.18152,0.79014,0.56591,-0.16016,0.65134,0.60862,0.37372,0.32033,0.7154,0.021355,0.75811,0.074743,0.23491,-1.1532,-0.44846,-0.51253,-0.50185,-0.34168,0.042711,0.22423,-0.13881
0.20287,-0.77947,-0.50185,-0.68337,-1.0571,0.074743,-0.1922,0.085421,-0.042711,-0.35236,-0.11745,-0.42711,-0.53388,-0.7154,-0.16016,-0.44846,0.68337,0.29897,0.43778,0.27762,0.1922,0.16016,0.79014,0.51253,-0.18152,0.62998,0.55524,0.37372,0.39507,0.74743,0.032033,0.70472,0.064066,0.22423,-1.1318,-0.46982,-0.58727,-0.45914,-0.29897,0.064066,0.25626,-0.20287
0.26694,-0.75811,-0.59795,-0.70472,-1.1425,0.10678,-0.18152,0.11745,-0.032033,-0.34168,-0.13881,-0.42711,-0.56591,-0.69405,-0.18152,-0.41643,0.68337,0.2883,0.42711,0.2883,0.18152,0.20287,0.75811,0.56591,-0.085421,0.55524,0.60862,0.33101,0.30965,0.77947,-0.010678,0.77947,0.064066,0.27762,-1.2172,-0.43778,-0.6193,-0.51253,-0.2883,0.053388,0.2883,-0.16016
0.27762,-0.73676,-0.5232,-0.7154,-1.0998,0.12813,-0.14949,0.12813,-0.021355,-0.29897,-0.11745,-0.38439,-0.58727,-0.70472,-0.13881,-0.41643,0.62998,0.34168,0.44846,0.26694,0.17084,0.16016,0.77947,0.55524,-0.12813,0.6193,0.6193,0.35236,0.36304,0.74743,-0.064066,0.76879,0.042711,0.26694,-1.1959,-0.50185,-0.6193,-0.51253,-0.33101,-0.021355,0.20287,-0.17084
0.24559,-0.74743,-0.55524,-0.65134,-1.0891,0.11745,-0.17084,0.12813,-0.021355,-0.35236,-0.096099,-0.42711,-0.53388,-0.73676,-0.10678,-0.36304,0.60862,0.35236,0.45914,0.20287,0.23491,0.20287,0.72608,0.55524,-0.096099,0.6193,0.62998,0.38439,0.30965,0.7154,-0.010678,0.74743,0.042711,0.27762,-1.2172,-0.50185,-0.54456,-0.5232,-0.34168,0.032033,0.26694,-0.16016
0.17084,-0.7154,-0.54456,-0.73676,-1.0784,0.074743,-0.24559,0.16016,-0.074743,-0.35236,-0.11745,-0.40575,-0.5232,-0.77947,-0.16016,-0.35236,0.60862,0.37372,0.44846,0.27762,0.26694,0.13881,0.74743,0.5232,-0.096099,0.62998,0.57659,0.29897,0.40575,0.79014,-0.032033,0.72608,0.042711,0.21355,-1.2279,-0.46982,-0.57659,-0.59795,-0.35236,0.042711,0.21355,-0.18152
0.25626,-0.84353,-0.54456,-0.56591,-1.0037,0.16016,-0.25626,0.12813,-0.021355,-0.37372,-0.085421,-0.42711,-0.54456,-0.76879,-0.14949,-0.45914,0.64066,0.26694,0.43778,0.27762,0.21355,0.16016,0.75811,0.48049,-0.085421,0.6193,0.57659,0.40575,0.33101,0.72608,-0.032033,0.80082,0.032033,0.21355,-1.1639,-0.53388,-0.56591,-0.50185,-0.33101,0.085421,0.26694,-0.18152
0.20287,-0.83285,-0.49117,-0.39507,-1.0571,0.18152,-0.23491,0.14949,-0.021355,-0.38439,-0.074743,-0.43778,-0.54456,-0.74743,-0.1922,-0.41643,0.6193,0.16016,0.45914,0.25626,0.27762,0.17084,0.74743,0.5232,-0.11745,0.68337,0.56591,0.42711,0.34168,0.73676,-0.11745,0.8115,0.053388,0.21355,-1.2172,-0.50185,-0.53388,-0.53388,-0.29897,0.053388,0.20287,-0.21355
0.1922,-0.83285,-0.50185,-0.30965,-1.0464,0.074743,-0.20287,0.042711,-0.053388,-0.36304,-0.13881,-0.45914,-0.46982,-0.72608,-0.12813,-0.42711,0.57659,0.18152,0.5232,0.2883,0.14949,0.16016,0.75811,0.53388,-0.11745,0.6193,0.58727,0.39507,0.32033,0.80082,0,0.79014,0.042711,0.29897,-1.1425,-0.48049,-0.51253,-0.48049,-0.2883,0.021355,0.18152,-0.17084
0.1922,-0.80082,-0.51253,-0.46982,-0.98234,0.074743,-0.064066,0.16016,-0.096099,-0.37372,-0.11745,-0.45914,-0.45914,-0.70472,-0.11745,-0.38439,0.62998,0.11745,0.49117,0.26694,0.13881,0.096099,0.73676,0.54456,-0.085421,0.53388,0.59795,0.36304,0.34168,0.76879,0,0.82218,0.010678,0.26694,-1.1959,-0.46982,-0.50185,-0.54456,-0.34168,0.032033,0.23491,-0.13881
