1.109,-0.36966,-0.24931,-0.91127,-0.13755,-0.22352,-0.89407,-1.0918,-0.42125,-0.5502,-1.0574,-0.46423,-1.3755,-0.89407,-0.79951,-0.63617,0.8081,1.8655,0.72214,1.2122,0.094565,0.79951,0.2751,0.8253,0.085969,1.023,1.195,0.77372,0.15474,1.109,2.0031,0.41265,0.30949,-0.78231,0.42984,0.051581,-0.060178,-0.75652,-0.37826,-0.46423,-0.17194,-0.24931
1.1348,-0.36107,-0.25791,-0.92846,-0.11176,-0.19773,-0.86828,-1.1176,-0.47283,-0.57599,-1.0488,-0.47283,-1.2981,-0.87688,-0.79951,-0.64476,0.79091,1.8655,0.73073,1.2379,0.094565,0.8081,0.24931,0.76512,0.068775,1.0402,1.1778,0.83389,0.12036,1.1004,2.0031,0.40405,0.30949,-0.83389,0.42125,0.051581,-0.060178,-0.74793,-0.2837,-0.46423,-0.15474,-0.19773
1.1004,-0.34387,-0.24071,-0.98004,-0.13755,-0.20632,-0.86828,-1.0918,-0.50721,-0.5502,-1.0316,-0.46423,-1.3325,-0.88548,-0.85969,-0.65336,0.8081,1.8741,0.70494,1.2122,0.077372,0.8253,0.2837,0.75652,0.060178,1.0746,1.1348,0.79951,0.14615,1.109,1.9773,0.42984,0.30089,-0.79091,0.42125,0.051581,-0.068775,-0.73073,-0.25791,-0.40405,-0.18053,-0.2751
1.109,-0.42125,-0.32668,-0.99723,-0.15474,-0.19773,-0.8253,-1.0918,-0.47283,-0.5502,-1.0316,-0.45563,-1.3067,-0.90267,-0.8253,-0.67055,0.74793,1.8741,0.70494,1.2637,0.12036,0.79091,0.2837,0.78231,0.051581,1.0832,1.1606,0.83389,0.18913,1.1176,1.9945,0.39546,0.2751,-0.79091,0.45563,0.017194,-0.051581,-0.73933,-0.30949,-0.39546,-0.12036,-0.19773
1.0832,-0.35247,-0.30949,-1.023,-0.13755,-0.21492,-0.84249,-1.066,-0.49862,-0.47283,-1.0316,-0.49002,-1.3067,-0.85969,-0.85969,-0.67055,0.83389,1.8827,0.72214,1.1692,0.11176,0.83389,0.30949,0.73933,0.077372,1.0918,1.1434,0.84249,0.23211,1.109,1.9945,0.40405,0.32668,-0.79091,0.41265,0.10316,-0.068775,-0.71354,-0.2837,-0.36107,-0.15474,-0.31808
1.0832,-0.33528,-0.31808,-1.0144,-0.12895,-0.18053,-0.83389,-1.1004,-0.43844,-0.5416,-1.0402,-0.50721,-1.3153,-0.93706,-0.8253,-0.65336,0.8253,1.8741,0.70494,1.2293,0.085969,0.8253,0.24071,0.76512,0.042984,1.066,1.1692,0.8253,0.15474,1.1262,2.0117,0.41265,0.30949,-0.89407,0.42984,0.085969,-0.034387,-0.70494,-0.25791,-0.33528,-0.15474,-0.31808
1.109,-0.33528,-0.42984,-0.97144,-0.15474,-0.24931,-0.86828,-1.0832,-0.43844,-0.58459,-0.99723,-0.45563,-1.2981,-0.91127,-0.8167,-0.68775,0.77372,1.8741,0.72214,1.2208,0.12895,0.83389,0.2665,0.73933,0.051581,1.0918,1.152,0.8253,0.18913,1.1176,2.0117,0.36107,0.33528,-0.78231,0.43844,0.042984,-0.025791,-0.68775,-0.2751,-0.2751,-0.14615,-0.24071
1.1348,-0.41265,-0.44704,-0.98864,-0.14615,-0.25791,-0.78231,-1.1348,-0.45563,-0.51581,-1.0746,-0.48142,-1.2723,-0.87688,-0.85969,-0.62757,0.79951,1.8913,0.76512,1.1692,0.13755,0.8081,0.25791,0.70494,0.077372,1.109,1.1864,0.8081,0.17194,1.1348,1.9945,0.37826,0.29229,-0.88548,0.42125,0.060178,-0.017194,-0.69634,-0.25791,-0.30089,-0.13755,-0.16334
1.1434,-0.34387,-0.45563,-1.0058,-0.12036,-0.23211,-0.85969,-1.066,-0.43844,-0.5502,-0.99723,-0.49002,-1.2723,-0.90267,-0.83389,-0.62757,0.79951,1.9085,0.73933,1.195,0.10316,0.85969,0.2837,0.68775,0.051581,1.1262,1.1606,0.8253,0.19773,1.1004,1.9773,0.39546,0.31808,-0.85109,0.45563,0.042984,-0.085969,-0.73933,-0.24071,-0.31808,-0.16334,-0.13755
1.1176,-0.36107,-0.37826,-1.0058,-0.12036,-0.18913,-0.85969,-1.0918,-0.47283,-0.57599,-1.0144,-0.52441,-1.2723,-0.92846,-0.85109,-0.67915,0.76512,1.8913,0.67915,1.2293,0.094565,0.8081,0.2837,0.67915,0.025791,1.0746,1.195,0.84249,0.17194,1.152,2.0117,0.42125,0.30949,-0.85969,0.41265,0.094565,-0.077372,-0.72214,-0.24931,-0.35247,-0.17194,-0.14615
1.0832,-0.36966,-0.31808,-0.98004,-0.11176,-0.21492,-0.84249,-1.0402,-0.44704,-0.57599,-1.0488,-0.47283,-1.3239,-0.91127,-0.8253,-0.67055,0.79091,1.9085,0.73933,1.195,0.094565,0.79951,0.2751,0.69634,0.051581,1.0574,1.2122,0.84249,0.15474,1.1434,1.9945,0.40405,0.30949,-0.85109,0.39546,0.077372,-0.060178,-0.68775,-0.23211,-0.36107,-0.16334,-0.13755
1.1004,-0.33528,-0.29229,-0.95425,-0.12895,-0.22352,-0.84249,-1.066,-0.45563,-0.5588,-1.0488,-0.40405,-1.2895,-0.91127,-0.79951,-0.63617,0.8081,1.8139,0.73073,1.1434,0.10316,0.8253,0.2665,0.71354,0.051581,1.109,1.1692,0.78231,0.13755,1.1004,1.9859,0.39546,0.31808,-0.85109,0.42125,0.060178,-0.068775,-0.65336,-0.23211,-0.30949,-0.12895,-0.15474
1.109,-0.36107,-0.2665,-0.97144,-0.12895,-0.21492,-0.86828,-1.066,-0.42984,-0.57599,-1.0402,-0.44704,-1.2981,-0.95425,-0.84249,-0.67055,0.8081,1.8655,0.75652,1.152,0.12895,0.8081,0.2665,0.70494,0.025791,1.1262,1.1348,0.8253,0.12895,1.1262,1.9945,0.39546,0.29229,-0.84249,0.42125,0.051581,-0.068775,-0.68775,-0.22352,-0.34387,-0.19773,-0.12895
1.109,-0.37826,-0.23211,-0.95425,-0.068775,-0.23211,-0.84249,-1.0746,-0.46423,-0.57599,-1.0832,-0.49862,-1.2637,-0.96285,-0.85109,-0.67915,0.8081,1.9085,0.72214,1.152,0.10316,0.8167,0.2837,0.67055,0.0085969,1.0918,1.1176,0.8081,0.18053,1.1176,1.9859,0.39546,0.30089,-0.85109,0.48142,0.060178,-0.034387,-0.67915,-0.24931,-0.30949,-0.17194,-0.14615
1.0832,-0.35247,-0.24931,-1.0144,-0.11176,-0.22352,-0.83389,-1.1176,-0.48142,-0.533,-1.0746,-0.5588,-1.3067,-0.94565,-0.85969,-0.65336,0.76512,1.8655,0.68775,1.1606,0.094565,0.79091,0.30089,0.65336,0.042984,1.1176,1.1262,0.86828,0.16334,1.1262,1.9945,0.40405,0.33528,-0.86828,0.41265,0.060178,-0.034387,-0.67055,-0.24931,-0.32668,-0.15474,-0.15474
1.1004,-0.36107,-0.29229,-1.0058,-0.11176,-0.20632,-0.84249,-1.0488,-0.48142,-0.533,-1.0488,-0.51581,-1.3239,-0.91127,-0.8167,-0.67055,0.79091,1.8397,0.69634,1.1176,0.085969,0.79091,0.25791,0.66196,-0.0085969,1.0918,1.109,0.84249,0.16334,1.1262,1.9945,0.35247,0.33528,-0.85969,0.38686,0.060178,-0.042984,-0.62757,-0.20632,-0.34387,-0.19773,-0.14615
1.0918,-0.34387,-0.2665,-1.023,-0.15474,-0.21492,-0.85109,-1.0574,-0.51581,-0.5502,-1.0832,-0.44704,-1.3067,-0.86828,-0.85109,-0.63617,0.79951,1.8741,0.70494,1.1262,0.077372,0.79091,0.30089,0.68775,0.0085969,1.1004,1.1692,0.8081,0.17194,1.1262,1.9773,0.36966,0.32668,-0.85969,0.36107,0.068775,-0.034387,-0.62757,-0.24931,-0.33528,-0.17194,-0.21492
1.066,-0.33528,-0.29229,-1.0144,-0.12895,-0.23211,-0.79091,-1.0746,-0.48142,-0.56739,-1.0832,-0.51581,-1.2895,-0.90267,-0.86828,-0.67915,0.75652,1.8741,0.68775,1.1348,0.12036,0.84249,0.25791,0.64476,0.0085969,1.1004,1.1434,0.8253,0.16334,1.1262,1.9773,0.36966,0.30089,-0.89407,0.36966,0.051581,-0.042984,-0.61897,-0.22352,-0.30949,-0.17194,-0.18053
1.109,-0.36966,-0.25791,-0.98004,-0.10316,-0.23211,-0.83389,-1.0746,-0.47283,-0.5588,-1.0832,-0.51581,-1.3153,-0.91127,-0.85109,-0.65336,0.74793,1.8913,0.68775,1.1348,0.11176,0.8081,0.25791,0.67055,-0.051581,1.0574,1.195,0.86828,0.18913,1.1262,1.9601,0.39546,0.34387,-0.87688,0.42125,0.042984,-0.068775,-0.61038,-0.23211,-0.33528,-0.12895,-0.20632
1.1176,-0.38686,-0.2751,-1.0144,-0.15474,-0.24071,-0.8253,-1.0832,-0.49862,-0.533,-1.1004,-0.48142,-1.2981,-0.90267,-0.90267,-0.60178,0.74793,1.8483,0.69634,1.1606,0.12036,0.8253,0.2751,0.65336,0.0085969,1.0832,1.1692,0.86828,0.16334,1.1348,1.9429,0.38686,0.25791,-0.87688,0.39546,0.068775,-0.042984,-0.62757,-0.22352,-0.34387,-0.12895,-0.17194
1.1262,-0.36966,-0.30949,-1.0058,-0.077372,-0.23211,-0.88548,-1.0488,-0.49862,-0.57599,-1.066,-0.51581,-1.3325,-0.85109,-0.87688,-0.62757,0.69634,1.8225,0.73073,1.1348,0.085969,0.77372,0.2837,0.63617,0.017194,1.0316,1.152,0.73933,0.17194,1.109,1.9601,0.34387,0.2837,-0.85969,0.38686,0.12895,-0.042984,-0.64476,-0.20632,-0.36107,-0.12036,-0.19773
1.066,-0.35247,-0.2665,-1.023,-0.12036,-0.23211,-0.85969,-1.0746,-0.49862,-0.5416,-1.109,-0.48142,-1.3583,-0.91127,-0.86828,-0.65336,0.71354,1.8741,0.67915,1.2036,0.11176,0.8167,0.24931,0.61897,-0.017194,1.0316,1.2208,0.8167,0.15474,1.0918,1.9945,0.38686,0.2837,-0.88548,0.39546,0.060178,-0.017194,-0.61038,-0.24931,-0.36966,-0.16334,-0.19773
1.066,-0.39546,-0.30089,-1.0144,-0.11176,-0.18053,-0.83389,-1.0918,-0.47283,-0.58459,-1.1004,-0.51581,-1.3067,-0.88548,-0.87688,-0.66196,0.73073,1.8225,0.67915,1.1262,0.077372,0.83389,0.2665,0.61897,-0.034387,1.0402,1.195,0.8081,0.16334,1.1434,1.9859,0.40405,0.29229,-0.85969,0.39546,0.051581,-0.0085969,-0.61038,-0.24071,-0.34387,-0.15474,-0.23211
1.0832,-0.36107,-0.2751,-0.98864,-0.068775,-0.21492,-0.79091,-1.0832,-0.44704,-0.56739,-1.1262,-0.49002,-1.3153,-0.87688,-0.8081,-0.67915,0.71354,1.8483,0.68775,1.1692,0.077372,0.8081,0.29229,0.60178,-0.034387,1.0402,1.1606,0.79951,0.13755,1.0918,1.9859,0.40405,0.29229,-0.85109,0.35247,0.077372,-0.051581,-0.64476,-0.22352,-0.34387,-0.15474,-0.24071
1.0832,-0.37826,-0.30089,-1.0058,-0.077372,-0.24931,-0.8167,-1.0574,-0.51581,-0.5416,-1.1004,-0.49002,-1.2981,-0.85109,-0.88548,-0.65336,0.70494,1.8483,0.67055,1.152,0.094565,0.8081,0.2751,0.57599,-0.051581,1.0316,1.1692,0.8081,0.17194,1.109,2.0117,0.40405,0.34387,-0.87688,0.38686,0.085969,0,-0.60178,-0.24931,-0.34387,-0.14615,-0.20632
1.066,-0.32668,-0.29229,-0.99723,-0.11176,-0.23211,-0.83389,-1.066,-0.50721,-0.57599,-1.109,-0.50721,-1.3239,-0.85969,-0.85969,-0.64476,0.73933,1.8569,0.64476,1.1606,0.042984,0.8081,0.29229,0.61038,-0.060178,1.0316,1.2208,0.8081,0.18913,1.1348,1.9515,0.41265,0.31808,-0.92846,0.39546,0.094565,0,-0.64476,-0.25791,-0.35247,-0.13755,-0.22352
1.0746,-0.36966,-0.30089,-1.0058,-0.12895,-0.19773,-0.85109,-1.0746,-0.47283,-0.57599,-1.1004,-0.51581,-1.3325,-0.85969,-0.83389,-0.67055,0.70494,1.7967,0.67915,1.1692,0.094565,0.8167,0.25791,0.61897,-0.051581,1.0402,1.2036,0.79091,0.20632,1.1004,1.9343,0.39546,0.31808,-0.89407,0.35247,0.077372,0.034387,-0.62757,-0.25791,-0.30949,-0.13755,-0.23211
1.066,-0.34387,-0.2665,-0.98004,-0.12036,-0.22352,-0.83389,-1.0746,-0.49862,-0.61897,-1.1004,-0.51581,-1.3497,-0.8167,-0.88548,-0.67055,0.72214,1.8225,0.68775,1.1778,0.10316,0.79091,0.24931,0.62757,-0.025791,1.0402,1.195,0.8167,0.15474,1.1176,1.9601,0.32668,0.31808,-0.86828,0.33528,0.077372,0.077372,-0.65336,-0.22352,-0.32668,-0.12895,-0.18913
1.0402,-0.33528,-0.29229,-0.96285,-0.12036,-0.24071,-0.8253,-1.0574,-0.52441,-0.60178,-1.1004,-0.52441,-1.2981,-0.83389,-0.84249,-0.63617,0.72214,1.8569,0.68775,1.1434,0.077372,0.8167,0.30089,0.65336,-0.025791,1.0058,1.2379,0.79951,0.16334,1.1348,1.9171,0.36107,0.30949,-0.87688,0.36107,0.060178,0.0085969,-0.62757,-0.21492,-0.31808,-0.11176,-0.20632
1.109,-0.37826,-0.33528,-0.98864,-0.11176,-0.22352,-0.8081,-1.0832,-0.50721,-0.61038,-1.1176,-0.51581,-1.3067,-0.85109,-0.90267,-0.61897,0.71354,1.8225,0.66196,1.1348,0.068775,0.85969,0.24931,0.59318,-0.068775,1.023,1.1864,0.87688,0.13755,1.1606,1.9429,0.37826,0.2837,-0.90267,0.30949,0.025791,0.0085969,-0.61897,-0.23211,-0.2751,-0.12895,-0.20632
1.0918,-0.37826,-0.31808,-0.96285,-0.094565,-0.21492,-0.76512,-1.0918,-0.5416,-0.57599,-1.0832,-0.49862,-1.3669,-0.8167,-0.88548,-0.62757,0.68775,1.8913,0.63617,1.1262,0.077372,0.79091,0.33528,0.60178,-0.042984,0.93706,1.195,0.78231,0.18913,1.1262,1.9343,0.36966,0.2837,-0.90267,0.32668,0.077372,0.017194,-0.61897,-0.25791,-0.33528,-0.12895,-0.20632
1.066,-0.40405,-0.32668,-0.94565,-0.16334,-0.25791,-0.8167,-1.0746,-0.52441,-0.64476,-1.0832,-0.52441,-1.3411,-0.8167,-0.87688,-0.66196,0.67915,1.8569,0.64476,1.1692,0.068775,0.89407,0.2665,0.58459,-0.094565,0.96285,1.2637,0.79091,0.16334,1.1692,1.9429,0.36107,0.24071,-0.87688,0.34387,0.060178,0.051581,-0.61897,-0.30089,-0.31808,-0.15474,-0.25791
0.98004,-0.36107,-0.2665,-0.94565,-0.13755,-0.24071,-0.85109,-1.0574,-0.47283,-0.79951,-1.0832,-0.50721,-1.3067,-0.84249,-0.87688,-0.67055,0.67915,1.8483,0.67055,1.109,0.11176,0.8253,0.29229,0.60178,-0.077372,0.95425,1.2723,0.79951,0.12895,1.1778,1.9171,0.35247,0.2751,-0.85109,0.35247,0.017194,0.060178,-0.62757,-0.30089,-0.33528,-0.10316,-0.24931
1.109,-0.36966,-0.2751,-0.94565,-0.10316,-0.24071,-0.8253,-1.0918,-0.50721,-0.91986,-1.0832,-0.533,-1.3497,-0.86828,-0.89407,-0.64476,0.72214,1.8655,0.67055,1.0832,0.085969,0.8081,0.25791,0.59318,-0.094565,0.99723,1.2465,0.77372,0.17194,1.1778,1.8827,0.36107,0.2751,-0.8167,0.34387,0.034387,0,-0.59318,-0.24931,-0.32668,-0.15474,-0.2751
1.1262,-0.38686,-0.22352,-0.93706,-0.068775,-0.23211,-0.79091,-1.0746,-0.49002,-0.90267,-1.1176,-0.51581,-1.4357,-0.79091,-0.90267,-0.61897,0.71354,1.8569,0.68775,1.0316,0.077372,0.79091,0.24071,0.56739,-0.085969,0.96285,1.1864,0.8081,0.18053,1.1176,1.8913,0.36966,0.2665,-0.87688,0.32668,0.060178,0.025791,-0.61038,-0.30089,-0.30949,-0.10316,-0.22352
1.0832,-0.36966,-0.2751,-0.91986,-0.094565,-0.2837,-0.79951,-1.1176,-0.49862,-0.85109,-1.1004,-0.5416,-1.6076,-0.77372,-0.85109,-0.64476,0.71354,1.8397,0.64476,1.023,0.085969,0.75652,0.30949,0.59318,-0.085969,0.95425,1.195,0.8167,0.16334,1.1606,1.8053,0.38686,0.30949,-0.86828,0.32668,0.051581,0.060178,-0.62757,-0.29229,-0.30089,-0.18053,-0.24071
1.1004,-0.30089,-0.29229,-0.94565,-0.12036,-0.2665,-0.83389,-1.1176,-0.50721,-0.79951,-1.152,-0.51581,-1.7022,-0.8081,-0.85969,-0.68775,0.68775,1.8053,0.61897,1.0144,0.068775,0.8167,0.41265,0.5588,-0.13755,0.96285,1.2036,0.78231,0.14615,1.1004,1.7194,0.36107,0.2665,-0.91127,0.31808,0.051581,0.025791,-0.62757,-0.30089,-0.33528,-0.16334,-0.22352
1.0832,-0.41265,-0.2665,-0.95425,-0.12036,-0.2837,-0.79091,-1.1434,-0.533,-0.79951,-1.1348,-0.57599,-1.685,-0.79951,-0.86828,-0.69634,0.70494,1.8569,0.63617,1.023,0.077372,0.78231,0.49002,0.62757,-0.085969,0.95425,1.2036,0.78231,0.15474,1.1348,1.7108,0.37826,0.2837,-0.89407,0.33528,0.10316,0.060178,-0.65336,-0.30949,-0.34387,-0.11176,-0.25791
1.0746,-0.42125,-0.2751,-0.92846,-0.18913,-0.22352,-0.83389,-1.1176,-0.48142,-0.8167,-1.1262,-0.49862,-1.6076,-0.8167,-0.87688,-0.65336,0.70494,1.7881,0.65336,0.98864,0.094565,0.8081,0.52441,0.73073,-0.10316,0.95425,1.2465,0.76512,0.13755,1.195,1.6678,0.34387,0.2837,-0.92846,0.34387,0.060178,0.042984,-0.61897,-0.30089,-0.31808,-0.14615,-0.2751
1.0574,-0.40405,-0.25791,-0.92846,-0.35247,-0.2837,-0.79091,-1.1176,-0.50721,-0.76512,-1.1176,-0.533,-1.5904,-0.74793,-0.90267,-0.62757,0.73073,1.8569,0.59318,0.87688,0.094565,0.78231,0.56739,0.79951,-0.12036,0.97144,1.2036,0.77372,0.18053,1.1434,1.728,0.35247,0.29229,-0.91127,0.2837,0.051581,0.060178,-0.61897,-0.31808,-0.29229,-0.094565,-0.24071
1.0488,-0.30089,-0.32668,-0.94565,-0.42984,-0.21492,-0.73073,-1.1606,-0.533,-0.83389,-1.109,-0.5588,-1.5474,-0.76512,-0.83389,-0.67055,0.68775,1.8741,0.61038,0.72214,0.11176,0.76512,0.49002,0.86828,-0.077372,0.91127,1.2036,0.73933,0.19773,1.1434,1.685,0.35247,0.35247,-0.89407,0.36107,0.060178,0.051581,-0.63617,-0.30089,-0.30089,-0.17194,-0.2665
1.0832,-0.30089,-0.25791,-0.87688,-0.42125,-0.23211,-0.79951,-1.152,-0.50721,-0.78231,-1.109,-0.5502,-1.5388,-0.76512,-0.8167,-0.67915,0.70494,1.8913,0.59318,0.62757,0.068775,0.79951,0.533,0.85109,-0.094565,0.87688,1.2036,0.75652,0.18913,1.1434,1.7366,0.34387,0.49002,-0.87688,0.32668,0.060178,0.060178,-0.64476,-0.29229,-0.32668,-0.13755,-0.21492
1.0316,-0.2837,-0.2665,-0.91986,-0.36107,-0.25791,-0.78231,-1.1348,-0.533,-0.76512,-1.0918,-0.5588,-1.5732,-0.75652,-0.79091,-0.67055,0.69634,1.8225,0.60178,0.71354,0.085969,0.77372,0.5416,0.8167,-0.10316,0.91127,1.2551,0.73073,0.17194,1.195,1.7538,0.33528,0.51581,-0.84249,0.33528,0.042984,0.10316,-0.62757,-0.35247,-0.30089,-0.15474,-0.25791
1.109,-0.2837,-0.25791,-0.90267,-0.36966,-0.24071,-0.76512,-1.1606,-0.47283,-0.83389,-1.109,-0.5416,-1.5474,-0.74793,-0.8253,-0.62757,0.70494,1.8311,0.61897,0.90267,0.094565,0.79091,0.52441,0.8167,-0.068775,0.89407,1.2379,0.5588,0.14615,1.2122,1.685,0.36966,0.56739,-0.79091,0.33528,0.0085969,0.12036,-0.58459,-0.33528,-0.30949,-0.13755,-0.24931
1.066,-0.29229,-0.2665,-0.91127,-0.34387,-0.2837,-0.77372,-1.152,-0.52441,-0.8167,-1.109,-0.5588,-1.5302,-0.77372,-0.84249,-0.67055,0.73073,1.8483,0.61897,1.023,0.15474,0.79951,0.533,0.83389,-0.085969,0.8167,1.2208,0.36107,0.15474,1.152,1.728,0.36107,0.60178,-0.73933,0.36107,0.051581,0.077372,-0.63617,-0.36966,-0.32668,-0.12895,-0.24931
1.1004,-0.30089,-0.24931,-0.91127,-0.30949,-0.2751,-0.75652,-1.195,-0.52441,-0.77372,-1.0918,-0.58459,-1.5302,-0.70494,-0.78231,-0.66196,0.71354,1.8741,0.60178,1.0316,0.12036,0.67915,0.5588,0.8253,-0.14615,0.73073,1.2036,0.2751,0.14615,1.1606,1.7108,0.35247,0.60178,-0.75652,0.34387,0.060178,0.11176,-0.64476,-0.33528,-0.31808,-0.16334,-0.25791
1.0746,-0.25791,-0.2837,-0.91986,-0.33528,-0.24071,-0.71354,-1.1434,-0.56739,-0.78231,-1.0746,-0.5416,-1.5216,-0.73073,-0.74793,-0.73073,0.66196,1.8483,0.60178,0.98004,0.13755,0.51581,0.5416,0.8253,-0.11176,0.68775,1.2208,0.36107,0.16334,1.152,1.7538,0.36107,0.61038,-0.72214,0.31808,0.060178,0.085969,-0.62757,-0.31808,-0.31808,-0.12895,-0.23211
1.0574,-0.2665,-0.29229,-0.91127,-0.31808,-0.2751,-0.77372,-1.2036,-0.61897,-0.78231,-1.1262,-0.57599,-1.5302,-0.67055,-0.77372,-0.70494,0.69634,1.8311,0.5588,0.97144,0.11176,0.45563,0.58459,0.83389,-0.12895,0.79951,1.2036,0.42984,0.15474,1.1262,1.7194,0.35247,0.58459,-0.71354,0.31808,0,0.094565,-0.63617,-0.36966,-0.30949,-0.15474,-0.29229
1.0832,-0.25791,-0.2837,-0.92846,-0.2837,-0.23211,-0.79091,-1.195,-0.533,-0.79951,-1.109,-0.533,-1.513,-0.69634,-0.79951,-0.67055,0.73073,1.8569,0.58459,0.95425,0.094565,0.5416,0.60178,0.8253,-0.13755,0.84249,1.1864,0.50721,0.17194,1.152,1.7366,0.37826,0.56739,-0.64476,0.33528,-0.17194,0.11176,-0.67055,-0.34387,-0.33528,-0.15474,-0.2837
1.109,-0.25791,-0.25791,-0.91127,-0.25791,-0.2665,-0.76512,-1.1864,-0.50721,-0.78231,-1.1004,-0.5588,-1.4959,-0.67915,-0.8081,-0.67055,0.72214,1.8741,0.59318,0.94565,0.12036,0.61897,0.59318,0.8167,-0.17194,0.84249,1.1348,0.49002,0.13755,1.1692,1.6936,0.36107,0.60178,-0.63617,0.33528,-0.35247,0.14615,-0.63617,-0.35247,-0.33528,-0.15474,-0.22352
1.1262,-0.2837,-0.36107,-0.94565,-0.30949,-0.29229,-0.71354,-1.1606,-0.50721,-0.74793,-1.1176,-0.57599,-1.4873,-0.71354,-0.8253,-0.66196,0.66196,1.8483,0.57599,0.98004,0.085969,0.70494,0.61038,0.79951,-0.19773,0.85109,1.1778,0.44704,0.18053,1.1434,1.7452,0.33528,0.59318,-0.65336,0.32668,-0.36107,0.13755,-0.57599,-0.34387,-0.30949,-0.11176,-0.24071
1.1348,-0.24931,-0.30089,-0.91127,-0.2837,-0.30089,-0.73933,-1.1778,-0.533,-0.76512,-1.152,-0.57599,-1.4959,-0.72214,-0.78231,-0.67915,0.69634,1.8483,0.59318,0.89407,0.10316,0.67915,0.61038,0.84249,-0.20632,0.8253,1.195,0.49002,0.18913,1.1434,1.7194,0.36107,0.62757,-0.64476,0.33528,-0.25791,0.14615,-0.61897,-0.36107,-0.34387,-0.12036,-0.2665
1.152,-0.2751,-0.30089,-0.93706,-0.30089,-0.30089,-0.76512,-1.195,-0.51581,-0.73073,-1.2293,-0.5588,-1.4787,-0.72214,-0.78231,-0.68775,0.70494,1.7108,0.59318,0.91986,0.10316,0.67055,0.61038,0.85109,-0.19773,0.79951,1.2208,0.48142,0.17194,1.1778,1.6678,0.31808,0.58459,-0.62757,0.2837,-0.21492,0.12895,-0.64476,-0.36107,-0.36107,-0.11176,-0.2751
1.0832,-0.24931,-0.24931,-0.89407,-0.30949,-0.33528,-0.73073,-1.2293,-0.533,-0.79091,-1.2551,-0.57599,-1.4959,-0.73933,-0.8253,-0.69634,0.70494,1.685,0.56739,0.88548,0.18053,0.66196,0.60178,0.8253,-0.16334,0.8167,1.2208,0.48142,0.18053,1.1778,1.7022,0.30949,0.59318,-0.60178,0.30089,-0.19773,0.12895,-0.67055,-0.38686,-0.37826,-0.13755,-0.24931
1.1348,-0.30949,-0.30089,-0.89407,-0.36107,-0.30949,-0.72214,-1.1778,-0.5502,-0.73073,-1.2379,-0.57599,-1.513,-0.71354,-0.8167,-0.66196,0.68775,1.685,0.56739,0.90267,0.17194,0.69634,0.60178,0.83389,-0.17194,0.8081,1.1778,0.48142,0.18913,1.1692,1.7108,0.2837,0.58459,-0.63617,0.25791,-0.21492,0.12036,-0.5588,-0.36107,-0.38686,-0.12036,-0.30089
1.152,-0.2665,-0.25791,-0.92846,-0.30089,-0.35247,-0.70494,-1.1778,-0.49862,-0.76512,-1.1348,-0.5588,-1.4615,-0.70494,-0.8253,-0.67055,0.67055,1.685,0.59318,0.91986,0.16334,0.69634,0.61897,0.8081,-0.18053,0.84249,1.195,0.533,0.22352,1.2036,1.6936,0.31808,0.59318,-0.60178,0.30089,-0.16334,0.12036,-0.46423,-0.40405,-0.36966,-0.18053,-0.2837
1.152,-0.30089,-0.25791,-0.91986,-0.2837,-0.32668,-0.74793,-1.2036,-0.47283,-0.74793,-1.1004,-0.58459,-1.4701,-0.68775,-0.79091,-0.63617,0.67915,1.7967,0.5416,0.92846,0.14615,0.67915,0.62757,0.79951,-0.17194,0.79951,1.1778,0.47283,0.23211,1.195,1.7366,0.33528,0.5588,-0.58459,0.30949,-0.15474,0.094565,-0.37826,-0.33528,-0.37826,-0.18913,-0.2837
1.1348,-0.24931,-0.2751,-0.88548,-0.32668,-0.34387,-0.71354,-1.2122,-0.51581,-0.76512,-1.066,-0.57599,-1.4701,-0.72214,-0.8253,-0.66196,0.62757,1.7452,0.60178,0.96285,0.18053,0.66196,0.64476,0.8167,-0.12895,0.74793,1.1778,0.51581,0.18913,1.1864,1.7194,0.2751,0.57599,-0.58459,0.30089,-0.12036,0.16334,-0.41265,-0.36107,-0.41265,-0.12036,-0.2837
1.1434,-0.2837,-0.2837,-0.77372,-0.31808,-0.34387,-0.73933,-1.195,-0.49002,-0.75652,-1.0144,-0.59318,-1.4271,-0.73933,-0.8253,-0.67915,0.67915,1.7108,0.52441,0.94565,0.17194,0.63617,0.63617,0.79951,-0.15474,0.74793,1.1778,0.51581,0.17194,1.152,1.7366,0.25791,0.57599,-0.56739,0.29229,-0.14615,0.15474,-0.38686,-0.36107,-0.36966,-0.17194,-0.2751
1.1004,-0.23211,-0.24071,-0.66196,-0.29229,-0.35247,-0.73933,-1.2379,-0.48142,-0.8081,-1.0832,-0.56739,-1.4099,-0.75652,-0.85109,-0.71354,0.70494,1.771,0.5416,0.98004,0.20632,0.67055,0.64476,0.79951,-0.15474,0.83389,1.1606,0.50721,0.18913,1.152,1.7022,0.2751,0.60178,-0.49862,0.24071,-0.13755,0.20632,-0.39546,-0.36107,-0.41265,-0.14615,-0.24071
1.1606,-0.31808,-0.2665,-0.66196,-0.31808,-0.38686,-0.72214,-1.2637,-0.49002,-0.75652,-1.0574,-0.50721,-1.4185,-0.75652,-0.85969,-0.66196,0.61897,1.771,0.57599,0.98004,0.17194,0.67055,0.61897,0.8167,-0.12036,0.79091,1.1176,0.533,0.17194,1.195,1.7194,0.2751,0.59318,-0.5588,0.29229,-0.13755,0.17194,-0.39546,-0.35247,-0.39546,-0.14615,-0.25791
1.1434,-0.29229,-0.2751,-0.58459,-0.33528,-0.5502,-0.73073,-1.2036,-0.51581,-0.76512,-1.0574,-0.50721,-1.4271,-0.79091,-0.85969,-0.66196,0.67915,1.7967,0.57599,0.97144,0.12895,0.66196,0.65336,0.8081,-0.15474,0.76512,1.152,0.533,0.23211,1.1606,1.7538,0.2837,0.58459,-0.58459,0.29229,-0.12895,0.15474,-0.38686,-0.33528,-0.37826,-0.12036,-0.24931
1.109,-0.2837,-0.2837,-0.66196,-0.31808,-0.68775,-0.71354,-1.2551,-0.49862,-0.73073,-1.023,-0.50721,-1.4443,-0.71354,-0.85969,-0.70494,0.63617,1.771,0.56739,1.0144,0.18053,0.65336,0.67915,0.84249,-0.13755,0.76512,1.1778,0.51581,0.22352,1.1606,1.7108,0.25791,0.533,-0.58459,0.24071,-0.12036,0.15474,-0.34387,-0.35247,-0.41265,-0.12895,-0.2665
1.1176,-0.2665,-0.2837,-0.62757,-0.30089,-0.69634,-0.72214,-1.2723,-0.48142,-0.73933,-1.066,-0.49862,-1.4529,-0.69634,-0.8253,-0.68775,0.62757,1.7881,0.58459,1.023,0.20632,0.66196,0.67055,0.78231,-0.14615,0.78231,1.1348,0.48142,0.19773,1.2122,1.728,0.051581,0.5588,-0.533,0.24071,-0.14615,0.18053,-0.35247,-0.35247,-0.42984,-0.14615,-0.2751
1.1778,-0.24071,-0.25791,-0.59318,-0.30089,-0.69634,-0.72214,-1.2551,-0.49002,-0.8253,-1.066,-0.51581,-1.4529,-0.74793,-0.83389,-0.69634,0.62757,1.7452,0.533,0.98004,0.19773,0.67055,0.67915,0.8167,-0.15474,0.77372,1.1606,0.51581,0.21492,1.1778,1.7022,-0.12895,0.533,-0.5502,0.21492,-0.18913,0.19773,-0.36107,-0.35247,-0.43844,-0.12895,-0.2665
1.1348,-0.2837,-0.2751,-0.61897,-0.30089,-0.63617,-0.71354,-1.2551,-0.49002,-0.75652,-1.0316,-0.52441,-1.4185,-0.74793,-0.87688,-0.67915,0.62757,1.771,0.5416,0.97144,0.16334,0.67055,0.67915,0.8081,-0.18053,0.70494,1.1348,0.48142,0.18913,1.1606,1.7366,-0.19773,0.48142,-0.533,0.32668,-0.16334,0.15474,-0.35247,-0.40405,-0.41265,-0.13755,-0.2837
1.152,-0.31808,-0.24931,-0.63617,-0.29229,-0.61897,-0.70494,-1.2208,-0.49862,-0.73073,-1.0746,-0.47283,-1.5044,-0.71354,-0.84249,-0.67055,0.61897,1.771,0.533,0.98864,0.18053,0.67055,0.64476,0.78231,-0.12895,0.78231,1.109,0.51581,0.21492,1.1004,1.7194,-0.042984,0.50721,-0.57599,0.46423,-0.16334,0.18913,-0.36107,-0.34387,-0.37826,-0.16334,-0.2837
1.1004,-0.24071,-0.2751,-0.62757,-0.30089,-0.59318,-0.67055,-1.2465,-0.51581,-0.72214,-1.0316,-0.48142,-1.4959,-0.67915,-0.84249,-0.69634,0.61038,1.771,0.56739,1.0058,0.22352,0.64476,0.68775,0.8167,-0.11176,0.77372,1.1434,0.533,0.25791,1.1262,1.7452,0.051581,0.49002,-0.52441,0.56739,-0.13755,0.18053,-0.36107,-0.40405,-0.44704,-0.15474,-0.2665
1.1434,-0.30089,-0.2665,-0.58459,-0.31808,-0.61038,-0.70494,-1.2293,-0.56739,-0.76512,-1.066,-0.533,-1.4271,-0.74793,-0.83389,-0.67055,0.57599,1.771,0.5588,0.96285,0.19773,0.70494,0.69634,0.8167,-0.13755,0.78231,1.1176,0.50721,0.23211,1.1348,1.7452,0.12036,0.45563,-0.533,0.5416,-0.13755,0.18913,-0.36107,-0.39546,-0.42125,-0.16334,-0.29229
1.1262,-0.2665,-0.24071,-0.60178,-0.29229,-0.59318,-0.78231,-1.2723,-0.51581,-0.75652,-1.0402,-0.46423,-1.4615,-0.73073,-0.84249,-0.66196,0.63617,1.7452,0.5416,1.0058,0.18053,0.65336,0.68775,0.8081,-0.13755,0.8253,1.152,0.49862,0.22352,1.195,1.7538,0.10316,0.49002,-0.5588,0.52441,-0.13755,0.18053,-0.36966,-0.35247,-0.42984,-0.16334,-0.24931
1.1434,-0.29229,-0.29229,-0.63617,-0.2665,-0.58459,-0.71354,-1.2637,-0.5416,-0.74793,-1.0832,-0.47283,-1.4099,-0.72214,-0.85969,-0.69634,0.60178,1.7624,0.52441,0.96285,0.17194,0.67055,0.65336,0.79951,-0.16334,0.84249,1.109,0.49862,0.19773,1.2465,1.6936,0.16334,0.49862,-0.5502,0.533,-0.15474,0.19773,-0.38686,-0.37826,-0.44704,-0.14615,-0.24071
1.152,-0.2751,-0.30949,-0.60178,-0.29229,-0.60178,-0.70494,-1.2723,-0.50721,-0.73933,-1.0488,-0.49862,-1.4271,-0.69634,-0.91127,-0.69634,0.62757,1.7452,0.47283,0.91127,0.19773,0.64476,0.67915,0.84249,-0.16334,0.78231,1.1176,0.52441,0.24931,1.2379,1.771,0.13755,0.47283,-0.51581,0.5502,-0.13755,0.16334,-0.36107,-0.34387,-0.44704,-0.14615,-0.24931
1.0918,-0.2837,-0.2837,-0.66196,-0.29229,-0.56739,-0.71354,-1.2637,-0.5588,-0.74793,-1.0488,-0.47283,-1.4615,-0.72214,-0.85969,-0.69634,0.58459,1.7452,0.46423,0.94565,0.20632,0.68775,0.73933,0.86828,-0.14615,0.8253,1.1176,0.48142,0.22352,1.2465,1.7108,0.14615,0.43844,-0.56739,0.5416,-0.12895,0.17194,-0.32668,-0.34387,-0.45563,-0.13755,-0.20632
1.1606,-0.30089,-0.30089,-0.61038,-0.32668,-0.63617,-0.70494,-1.2637,-0.49862,-0.73933,-1.0488,-0.42984,-1.4787,-0.68775,-0.86828,-0.67055,0.62757,1.7538,0.41265,0.94565,0.17194,0.64476,0.73073,0.85969,-0.12895,0.84249,1.1348,0.48142,0.21492,1.2465,1.7108,0.18053,0.44704,-0.51581,0.5502,-0.12036,0.12036,-0.42984,-0.36966,-0.52441,-0.22352,-0.23211
1.1176,-0.2665,-0.2665,-0.57599,-0.35247,-0.59318,-0.70494,-1.3153,-0.52441,-0.75652,-1.066,-0.43844,-1.4873,-0.72214,-0.8167,-0.67915,0.61897,1.771,0.42125,0.89407,0.18053,0.67055,0.72214,0.85109,-0.12036,0.84249,1.1262,0.51581,0.24071,1.2379,1.6936,0.18913,0.45563,-0.533,0.52441,-0.11176,0.068775,-0.42984,-0.36966,-0.49002,-0.39546,-0.24931
1.152,-0.2837,-0.2751,-0.60178,-0.32668,-0.59318,-0.69634,-1.2809,-0.5416,-0.73933,-1.0316,-0.42125,-1.4615,-0.73933,-0.85969,-0.68775,0.63617,1.771,0.44704,0.94565,0.19773,0.68775,0.70494,0.8081,-0.12036,0.83389,1.1692,0.52441,0.24931,1.2551,1.6936,0.17194,0.42125,-0.5588,0.50721,-0.13755,-0.085969,-0.38686,-0.36107,-0.42984,-0.56739,-0.24931
1.109,-0.30089,-0.2751,-0.58459,-0.33528,-0.59318,-0.71354,-1.2895,-0.52441,-0.74793,-1.0488,-0.42984,-1.4443,-0.71354,-0.86828,-0.68775,0.63617,1.771,0.47283,0.93706,0.19773,0.66196,0.72214,0.85109,-0.12895,0.84249,1.1176,0.49002,0.23211,1.2465,1.6936,0.18913,0.42984,-0.46423,0.5588,-0.16334,-0.13755,-0.38686,-0.42984,-0.49002,-0.5502,-0.23211
1.1176,-0.30949,-0.30089,-0.5588,-0.33528,-0.60178,-0.71354,-1.2551,-0.533,-0.74793,-1.0144,-0.42125,-1.4357,-0.73933,-0.84249,-0.71354,0.63617,1.8139,0.40405,0.90267,0.20632,0.68775,0.73933,0.85969,-0.14615,0.87688,1.1434,0.46423,0.23211,1.2551,1.7108,0.14615,0.42125,-0.58459,0.5502,-0.085969,-0.042984,-0.41265,-0.41265,-0.44704,-0.39546,-0.2751
1.1348,-0.29229,-0.2751,-0.61038,-0.30949,-0.56739,-0.71354,-1.2637,-0.51581,-0.73933,-1.0488,-0.38686,-1.4185,-0.70494,-0.89407,-0.71354,0.64476,1.7538,0.47283,0.94565,0.22352,0.67055,0.71354,0.84249,-0.15474,0.8167,1.1778,0.48142,0.17194,1.2551,1.728,0.18053,0.36966,-0.5416,0.5588,-0.12036,0.077372,-0.31808,-0.48142,-0.51581,-0.37826,-0.24931
1.1692,-0.29229,-0.25791,-0.5588,-0.2837,-0.62757,-0.70494,-1.2981,-0.51581,-0.73933,-1.023,-0.38686,-1.4615,-0.74793,-0.87688,-0.71354,0.61038,1.7624,0.42125,0.93706,0.19773,0.61897,0.73073,0.85109,-0.18913,0.83389,1.109,0.49002,0.22352,1.2637,1.6678,0.17194,0.36107,-0.50721,0.5588,-0.12895,0.10316,-0.39546,-0.43844,-0.50721,-0.35247,-0.23211
1.1262,-0.2751,-0.30949,-0.58459,-0.2837,-0.60178,-0.69634,-1.2895,-0.5502,-0.77372,-1.0488,-0.36966,-1.4443,-0.79091,-0.85109,-0.67915,0.63617,1.7881,0.42125,0.91127,0.22352,0.64476,0.72214,0.85109,-0.24931,0.85969,1.1176,0.45563,0.19773,1.2379,1.6936,0.19773,0.31808,-0.56739,0.52441,-0.12895,0.12036,-0.38686,-0.42984,-0.49862,-0.35247,-0.21492
1.1348,-0.29229,-0.29229,-0.59318,-0.30949,-0.56739,-0.71354,-1.2981,-0.5588,-0.79091,-1.0316,-0.35247,-1.4529,-0.73933,-0.87688,-0.66196,0.61038,1.771,0.43844,0.90267,0.15474,0.65336,0.72214,0.8253,-0.36966,0.88548,1.1004,0.49862,0.18053,1.2551,1.6764,0.17194,0.34387,-0.5416,0.49862,-0.068775,0.077372,-0.39546,-0.41265,-0.49862,-0.39546,-0.17194
1.1606,-0.30089,-0.32668,-0.61038,-0.29229,-0.5588,-0.74793,-1.2551,-0.5588,-0.73073,-1.0316,-0.35247,-1.4443,-0.70494,-0.85969,-0.70494,0.57599,1.771,0.43844,0.90267,0.15474,0.67055,0.73933,0.85969,-0.29229,0.8081,1.0832,0.48142,0.15474,1.2208,1.6936,0.19773,0.31808,-0.5502,0.5588,-0.094565,0.10316,-0.42125,-0.37826,-0.50721,-0.37826,-0.18053
1.152,-0.24931,-0.35247,-0.59318,-0.29229,-0.5588,-0.71354,-1.2723,-0.5502,-0.73933,-1.0488,-0.36966,-1.4701,-0.70494,-0.87688,-0.70494,0.61897,1.7881,0.42125,0.87688,0.19773,0.65336,0.74793,0.83389,-0.18053,0.85969,1.1176,0.47283,0.18913,1.2465,1.6764,0.19773,0.36107,-0.5416,0.50721,-0.077372,0.077372,-0.35247,-0.37826,-0.49002,-0.30949,-0.19773
1.1262,-0.2665,-0.35247,-0.65336,-0.33528,-0.59318,-0.70494,-1.2895,-0.52441,-0.73073,-1.0316,-0.40405,-1.4615,-0.73073,-0.86828,-0.70494,0.66196,1.771,0.42125,0.92846,0.20632,0.64476,0.74793,0.89407,-0.12895,0.85109,1.1176,0.49002,0.16334,1.2551,1.6936,0.24071,0.30089,-0.5416,0.49002,-0.10316,0.12895,-0.38686,-0.36966,-0.5416,-0.31808,-0.17194
1.1692,-0.2665,-0.35247,-0.56739,-0.24071,-0.5416,-0.71354,-1.2981,-0.5502,-0.76512,-1.0488,-0.32668,-1.4529,-0.68775,-0.86828,-0.69634,0.61897,1.7452,0.38686,0.89407,0.21492,0.67915,0.74793,0.85969,-0.15474,0.90267,1.109,0.49002,0.18053,1.2208,1.6506,0.20632,0.30949,-0.5588,0.45563,-0.094565,0.16334,-0.39546,-0.36107,-0.49002,-0.33528,-0.15474
1.1434,-0.30089,-0.39546,-0.533,-0.35247,-0.57599,-0.71354,-1.2809,-0.533,-0.73073,-1.0574,-0.34387,-1.4873,-0.67055,-0.88548,-0.71354,0.59318,1.7624,0.38686,0.91127,0.19773,0.66196,0.75652,0.88548,-0.12895,0.91127,1.1262,0.48142,0.18913,1.2293,1.6936,0.18053,0.33528,-0.5588,0.48142,-0.085969,0.094565,-0.40405,-0.34387,-0.49862,-0.31808,-0.19773
1.1778,-0.30089,-0.35247,-0.58459,-0.30089,-0.5416,-0.68775,-1.2551,-0.52441,-0.69634,-1.0488,-0.34387,-1.4529,-0.68775,-0.84249,-0.67915,0.59318,1.7452,0.42125,0.91127,0.14615,0.69634,0.78231,0.88548,-0.12895,0.86828,1.0832,0.52441,0.18913,1.2379,1.6764,0.19773,0.35247,-0.5502,0.47283,-0.094565,0.094565,-0.42125,-0.33528,-0.51581,-0.30089,-0.19773
1.1606,-0.30089,-0.42125,-0.62757,-0.32668,-0.57599,-0.69634,-1.2551,-0.5416,-0.71354,-1.0058,-0.33528,-1.4615,-0.68775,-0.87688,-0.69634,0.56739,1.771,0.36966,0.88548,0.12036,0.67055,0.73073,0.89407,-0.11176,0.86828,1.1778,0.46423,0.17194,1.2465,1.7022,0.18913,0.24931,-0.5416,0.50721,-0.068775,0.10316,-0.36966,-0.35247,-0.5502,-0.30089,-0.20632
1.152,-0.25791,-0.38686,-0.62757,-0.30089,-0.58459,-0.68775,-1.2895,-0.50721,-0.73073,-1.023,-0.34387,-1.4357,-0.69634,-0.86828,-0.69634,0.61897,1.771,0.36107,0.90267,0.16334,0.64476,0.74793,0.87688,-0.068775,0.87688,1.1434,0.49002,0.17194,1.2036,1.6936,0.21492,0.22352,-0.5416,0.44704,-0.094565,0.11176,-0.38686,-0.40405,-0.5416,-0.2837,-0.21492
1.1692,-0.30089,-0.39546,-0.62757,-0.35247,-0.56739,-0.71354,-1.3325,-0.57599,-0.73933,-0.99723,-0.36966,-1.4959,-0.65336,-0.8253,-0.67915,0.57599,1.8053,0.38686,0.89407,0.19773,0.64476,0.76512,0.87688,-0.12895,0.89407,1.1606,0.44704,0.16334,1.2723,1.6764,0.18053,0.22352,-0.5416,0.43844,-0.10316,0.13755,-0.37826,-0.36966,-0.48142,-0.30949,-0.16334
1.195,-0.2837,-0.37826,-0.63617,-0.33528,-0.5502,-0.72214,-1.2809,-0.51581,-0.74793,-1.0316,-0.36966,-1.4701,-0.70494,-0.86828,-0.69634,0.60178,1.7795,0.36966,0.88548,0.15474,0.67915,0.73073,0.89407,-0.12895,0.88548,1.1692,0.48142,0.12895,1.2551,1.6592,0.21492,0.24931,-0.533,0.42984,-0.10316,0.10316,-0.37826,-0.35247,-0.45563,-0.30949,-0.13755
1.1778,-0.30949,-0.39546,-0.8253,-0.35247,-0.5588,-0.70494,-1.2981,-0.5416,-0.74793,-1.0402,-0.36966,-1.4701,-0.67915,-0.85969,-0.67915,0.5588,1.8053,0.34387,0.78231,0.15474,0.67915,0.76512,0.91127,-0.10316,0.91986,1.1262,0.47283,0.13755,1.2036,1.685,0.21492,0.23211,-0.59318,0.46423,-0.085969,0.11176,-0.41265,-0.34387,-0.40405,-0.31808,-0.11176
1.195,-0.2751,-0.43844,-1.0144,-0.30949,-0.5502,-0.78231,-1.2981,-0.5502,-0.67055,-1.023,-0.34387,-1.4529,-0.67915,-0.91986,-0.71354,0.5588,1.7967,0.37826,0.77372,0.15474,0.67055,0.77372,0.91127,-0.14615,0.85969,1.152,0.49002,0.11176,1.2293,1.6592,0.25791,0.025791,-0.5588,0.46423,-0.085969,0.10316,-0.36107,-0.36966,-0.46423,-0.2837,-0.13755
1.1692,-0.31808,-0.42125,-0.93706,-0.32668,-0.5416,-0.73933,-1.3841,-0.533,-0.69634,-1.0402,-0.34387,-1.4443,-0.67055,-0.84249,-0.73933,0.57599,1.7967,0.33528,0.8081,0.14615,0.70494,0.78231,0.95425,-0.14615,0.86828,1.1692,0.48142,0.15474,1.2379,1.642,0.23211,-0.15474,-0.56739,0.46423,-0.085969,0.11176,-0.38686,-0.38686,-0.47283,-0.30089,-0.094565
1.2122,-0.2751,-0.41265,-0.88548,-0.33528,-0.5588,-0.73073,-1.4443,-0.5502,-0.76512,-1.0488,-0.30949,-1.4185,-0.67915,-0.85969,-0.73073,0.60178,1.7538,0.31808,0.78231,0.060178,0.64476,0.75652,0.93706,-0.13755,0.92846,1.1606,0.52441,0.12036,1.2122,1.6248,0.21492,-0.22352,-0.56739,0.48142,-0.10316,0.085969,-0.38686,-0.37826,-0.44704,-0.2837,-0.14615
1.2036,-0.30949,-0.38686,-0.85109,-0.36107,-0.58459,-0.68775,-1.4529,-0.56739,-0.73073,-1.023,-0.25791,-1.4701,-0.67055,-0.8253,-0.70494,0.60178,1.7624,0.36107,0.74793,0.11176,0.67915,0.73073,0.95425,-0.12895,0.88548,1.1864,0.52441,0.12036,1.2551,1.6506,0.17194,-0.21492,-0.5588,0.42984,-0.042984,0.085969,-0.40405,-0.35247,-0.41265,-0.30089,-0.094565
1.2122,-0.34387,-0.42984,-0.85109,-0.36107,-0.533,-0.68775,-1.3153,-0.5588,-0.76512,-1.0488,-0.2837,-1.4959,-0.67055,-0.86828,-0.69634,0.60178,1.8311,0.33528,0.76512,0.085969,0.67915,0.73073,0.92846,-0.12036,0.90267,1.1778,0.50721,0.13755,1.2122,1.6334,0.22352,-0.16334,-0.60178,0.43844,-0.025791,0.12036,-0.39546,-0.36966,-0.47283,-0.2837,-0.094565
1.2036,-0.2665,-0.39546,-0.8081,-0.31808,-0.56739,-0.70494,-1.2637,-0.5588,-0.70494,-0.98864,-0.33528,-1.4787,-0.67055,-0.87688,-0.69634,0.58459,1.8569,0.38686,0.73933,0.12895,0.65336,0.76512,0.98864,-0.085969,0.90267,1.1864,0.47283,0.12895,1.2208,1.6506,0.25791,-0.12036,-0.61038,0.44704,-0.068775,0.068775,-0.41265,-0.35247,-0.42125,-0.25791,-0.094565
1.2036,-0.31808,-0.44704,-0.85109,-0.32668,-0.51581,-0.69634,-1.2551,-0.59318,-0.67055,-1.023,-0.18913,-1.4873,-0.63617,-0.86828,-0.67055,0.62757,1.8225,0.36107,0.72214,0.085969,0.69634,0.79951,0.98004,-0.12036,0.86828,1.2208,0.48142,0.13755,1.195,1.6678,0.21492,-0.11176,-0.57599,0.40405,-0.051581,0.094565,-0.41265,-0.36966,-0.42125,-0.2837,-0.12036
1.195,-0.2665,-0.47283,-0.8253,-0.35247,-0.5416,-0.72214,-1.2293,-0.52441,-0.70494,-1.023,-0.068775,-1.4443,-0.66196,-0.83389,-0.70494,0.67055,1.8225,0.33528,0.69634,0.10316,0.67055,0.73933,1.0316,-0.12895,0.89407,1.195,0.48142,0.12895,1.2551,1.6506,0.22352,-0.051581,-0.61897,0.45563,-0.094565,0.077372,-0.40405,-0.40405,-0.42984,-0.2837,-0.10316
1.1864,-0.29229,-0.41265,-0.8167,-0.30089,-0.5416,-0.73933,-1.2809,-0.49002,-0.71354,-1.0058,-0.034387,-1.4615,-0.68775,-0.86828,-0.70494,0.61038,1.8397,0.35247,0.73933,0.14615,0.63617,0.74793,1.0402,-0.10316,0.88548,1.1262,0.49862,0.12036,1.2208,1.6592,0.21492,-0.11176,-0.58459,0.43844,-0.094565,0.068775,-0.41265,-0.36966,-0.39546,-0.24931,-0.077372
1.195,-0.34387,-0.42125,-0.8167,-0.32668,-0.49002,-0.71354,-1.2551,-0.533,-0.68775,-1.0402,-0.068775,-1.4443,-0.63617,-0.87688,-0.73073,0.61038,1.8139,0.35247,0.67055,0.13755,0.62757,0.79091,1.0058,-0.12036,0.83389,1.1606,0.48142,0.13755,1.2122,1.599,0.22352,-0.11176,-0.56739,0.42125,-0.085969,0.060178,-0.43844,-0.34387,-0.39546,-0.24931,-0.042984
1.1692,-0.34387,-0.48142,-0.78231,-0.32668,-0.49862,-0.70494,-1.2465,-0.58459,-0.70494,-1.0144,-0.042984,-1.4701,-0.64476,-0.87688,-0.71354,0.5588,1.8311,0.37826,0.68775,0.085969,0.67915,0.70494,0.99723,-0.11176,0.8253,1.195,0.49862,0.15474,1.195,1.6248,0.2665,-0.060178,-0.58459,0.36966,-0.077372,0.094565,-0.42984,-0.31808,-0.42125,-0.2665,-0.077372
1.152,-0.32668,-0.45563,-0.79951,-0.33528,-0.51581,-0.73073,-1.2465,-0.57599,-0.68775,-0.99723,-0.034387,-1.4615,-0.67055,-0.88548,-0.72214,0.5502,1.7795,0.34387,0.60178,0.094565,0.69634,0.74793,1.0316,-0.060178,0.83389,1.2036,0.48142,0.12036,1.195,1.6248,0.25791,-0.025791,-0.56739,0.39546,-0.068775,0.10316,-0.44704,-0.37826,-0.40405,-0.30089,-0.085969
1.1864,-0.34387,-0.42125,-0.85109,-0.32668,-0.49002,-0.79091,-1.2895,-0.5416,-0.67055,-0.99723,0.025791,-1.4787,-0.67915,-0.8081,-0.71354,0.50721,1.8311,0.36107,0.44704,0.085969,0.67055,0.70494,1.0488,-0.085969,0.78231,1.1864,0.49862,0.10316,1.2465,1.5904,0.23211,-0.034387,-0.59318,0.40405,-0.0085969,0.077372,-0.39546,-0.38686,-0.38686,-0.2837,-0.060178
1.2036,-0.36107,-0.45563,-0.78231,-0.2665,-0.48142,-0.73073,-1.2379,-0.57599,-0.70494,-1.023,0.034387,-1.4443,-0.72214,-0.86828,-0.72214,0.47283,1.8483,0.31808,0.19773,0.051581,0.67915,0.73933,1.0746,-0.13755,0.87688,1.1778,0.45563,0.18053,1.195,1.5904,0.22352,-0.017194,-0.61038,0.41265,-0.077372,0.11176,-0.45563,-0.34387,-0.36966,-0.2837,-0.077372
1.152,-0.40405,-0.47283,-0.8167,-0.32668,-0.47283,-0.74793,-1.2637,-0.5416,-0.70494,-1.0316,-0.0085969,-1.4443,-0.65336,-0.92846,-0.70494,0.49002,1.7881,0.36107,0.18053,0.060178,0.69634,0.76512,1.0316,-0.051581,0.8253,1.2036,0.49862,0.14615,1.2122,1.5474,0.21492,-0.017194,-0.60178,0.42984,-0.085969,0.094565,-0.42984,-0.36107,-0.37826,-0.2837,-0.19773
1.2036,-0.33528,-0.50721,-0.79091,-0.32668,-0.46423,-0.74793,-1.2293,-0.57599,-0.67915,-1.0316,0.042984,-1.4701,-0.63617,-0.88548,-0.68775,0.52441,1.8311,0.34387,0.32668,0.051581,0.72214,0.67915,1.0488,-0.12036,0.85109,1.2036,0.51581,0.16334,1.2208,1.5388,0.24071,-0.051581,-0.60178,0.37826,-0.085969,0.085969,-0.42984,-0.35247,-0.38686,-0.2751,-0.45563
1.195,-0.35247,-0.45563,-0.77372,-0.33528,-0.46423,-0.71354,-1.195,-0.533,-0.67055,-1.0058,0.068775,-1.4443,-0.64476,-0.90267,-0.68775,0.52441,1.8311,0.39546,0.49002,0.060178,0.68775,0.72214,1.066,-0.085969,0.79951,1.2036,0.48142,0.16334,1.1864,1.6162,0.22352,-0.051581,-0.61038,0.39546,-0.042984,0.077372,-0.43844,-0.38686,-0.40405,-0.23211,-0.67055
1.195,-0.32668,-0.49002,-0.84249,-0.37826,-0.42125,-0.74793,-1.2122,-0.56739,-0.63617,-0.98864,0.068775,-1.4529,-0.67055,-0.83389,-0.73073,0.60178,1.8397,0.34387,0.49002,0.068775,0.71354,0.72214,1.0918,-0.085969,0.78231,1.2293,0.47283,0.14615,1.195,1.5474,0.20632,-0.042984,-0.61038,0.38686,-0.077372,0.10316,-0.45563,-0.32668,-0.41265,-0.24071,-0.66196
1.1778,-0.36966,-0.49002,-0.83389,-0.36966,-0.43844,-0.71354,-1.2036,-0.58459,-0.69634,-0.99723,0.042984,-1.4787,-0.68775,-0.8253,-0.67915,0.61897,1.8053,0.34387,0.5416,0.077372,0.75652,0.67055,1.0918,-0.077372,0.8253,1.2465,0.43844,0.19773,1.2122,1.5216,0.24931,-0.068775,-0.62757,0.36107,-0.10316,0.085969,-0.47283,-0.37826,-0.39546,-0.25791,-0.5502
1.2122,-0.32668,-0.45563,-0.8167,-0.37826,-0.42984,-0.73933,-1.2208,-0.5502,-0.65336,-0.99723,0.017194,-1.4443,-0.67915,-0.85969,-0.68775,0.62757,1.8139,0.33528,0.49002,0.085969,0.73933,0.66196,1.0746,-0.068775,0.77372,1.1864,0.44704,0.16334,1.195,1.5732,0.23211,-0.085969,-0.59318,0.41265,-0.060178,0.085969,-0.43844,-0.36966,-0.41265,-0.2665,-0.46423
1.1434,-0.36107,-0.48142,-0.77372,-0.30089,-0.40405,-0.70494,-1.2036,-0.5588,-0.68775,-0.99723,0.051581,-1.4357,-0.64476,-0.86828,-0.73933,0.5416,1.8311,0.35247,0.46423,0.051581,0.75652,0.67055,1.0918,-0.085969,0.77372,1.195,0.44704,0.17194,1.2293,1.5646,0.23211,-0.085969,-0.56739,0.39546,-0.060178,0.094565,-0.44704,-0.36966,-0.40405,-0.25791,-0.42984
1.0918,-0.37826,-0.46423,-0.8253,-0.2665,-0.38686,-0.74793,-1.1864,-0.56739,-0.70494,-0.99723,0.094565,-1.4701,-0.5588,-0.86828,-0.73933,0.59318,1.8655,0.34387,0.48142,0.10316,0.72214,0.67915,1.1004,-0.094565,0.71354,1.2293,0.48142,0.14615,1.2036,1.5732,0.21492,-0.068775,-0.57599,0.41265,-0.085969,0.11176,-0.42984,-0.38686,-0.42984,-0.24931,-0.42125
1.1004,-0.36966,-0.48142,-0.79951,-0.37826,-0.36107,-0.75652,-1.1778,-0.5502,-0.70494,-0.96285,0.060178,-1.4615,-0.44704,-0.85969,-0.73073,0.5502,1.8655,0.38686,0.51581,0.060178,0.68775,0.68775,1.1176,-0.085969,0.73933,1.2208,0.50721,0.16334,1.2379,1.5732,0.24931,-0.025791,-0.59318,0.37826,-0.085969,0.14615,-0.41265,-0.41265,-0.38686,-0.23211,-0.46423
1.1262,-0.37826,-0.45563,-0.85969,-0.35247,-0.36107,-0.75652,-1.1434,-0.58459,-0.68775,-0.94565,0.060178,-1.4357,-0.43844,-0.84249,-0.72214,0.62757,1.8225,0.37826,0.46423,0.068775,0.73933,0.68775,1.1262,-0.094565,0.73073,1.2208,0.48142,0.16334,1.2723,1.5732,0.25791,-0.017194,-0.58459,0.41265,-0.094565,0.13755,-0.43844,-0.41265,-0.39546,-0.24931,-0.41265
1.1004,-0.37826,-0.50721,-0.79091,-0.35247,-0.35247,-0.72214,-1.1348,-0.59318,-0.66196,-0.99723,0.085969,-1.3755,-0.37826,-0.85969,-0.71354,0.58459,1.7881,0.31808,0.40405,0.060178,0.73073,0.73073,1.109,-0.11176,0.74793,1.2036,0.48142,0.17194,1.2379,1.5388,0.24071,-0.042984,-0.61038,0.36966,-0.077372,0.12895,-0.45563,-0.37826,-0.40405,-0.25791,-0.39546
1.1606,-0.37826,-0.50721,-0.84249,-0.35247,-0.35247,-0.75652,-1.1778,-0.5416,-0.69634,-0.98864,0.10316,-1.3669,-0.37826,-0.89407,-0.69634,0.59318,1.8741,0.35247,0.46423,0.034387,0.69634,0.63617,1.152,-0.068775,0.64476,1.195,0.47283,0.21492,1.2036,1.5044,0.23211,-0.068775,-0.66196,0.36966,-0.11176,0.15474,-0.42125,-0.38686,-0.36966,-0.24931,-0.36107
1.2208,-0.42125,-0.49002,-0.85109,-0.33528,-0.34387,-0.72214,-1.1778,-0.5502,-0.66196,-1.023,0.085969,-1.3153,-0.35247,-0.90267,-0.71354,0.60178,1.7967,0.31808,0.43844,0.042984,0.73073,0.62757,1.109,-0.060178,0.49002,1.2122,0.45563,0.18053,1.2208,1.556,0.20632,-0.017194,-0.61038,0.37826,-0.2837,0.12036,-0.41265,-0.34387,-0.38686,-0.24931,-0.36107
1.1004,-0.38686,-0.48142,-0.8253,-0.33528,-0.35247,-0.72214,-1.152,-0.57599,-0.69634,-0.96285,0.12895,-1.3239,-0.37826,-0.88548,-0.70494,0.60178,1.8139,0.31808,0.40405,0.017194,0.73073,0.61897,1.1864,-0.025791,0.42125,1.1864,0.45563,0.17194,1.2208,1.5904,0.23211,-0.0085969,-0.66196,0.37826,-0.39546,0.085969,-0.42984,-0.35247,-0.42984,-0.23211,-0.36966
1.152,-0.34387,-0.51581,-0.8253,-0.38686,-0.34387,-0.71354,-1.1692,-0.58459,-0.64476,-1.0058,0.11176,-1.3583,-0.42125,-0.83389,-0.72214,0.60178,1.7967,0.2751,0.42125,0.085969,0.76512,0.60178,1.1176,-0.025791,0.51581,1.2465,0.45563,0.17194,1.2637,1.5646,0.19773,0,-0.61897,0.39546,-0.42984,0.094565,-0.42984,-0.37826,-0.42125,-0.24931,-0.35247
1.1864,-0.36966,-0.47283,-0.8081,-0.39546,-0.31808,-0.71354,-1.1606,-0.533,-0.64476,-1.0058,0.12036,-1.3583,-0.44704,-0.83389,-0.67915,0.61038,1.771,0.2837,0.38686,0.017194,0.74793,0.62757,1.1348,-0.060178,0.56739,1.2036,0.47283,0.20632,1.2637,1.5732,0.23211,0.017194,-0.69634,0.39546,-0.38686,0.085969,-0.43844,-0.36107,-0.36966,-0.24931,-0.36107
1.2379,-0.42984,-0.52441,-0.85109,-0.39546,-0.2665,-0.76512,-1.152,-0.5502,-0.66196,-0.98004,0.11176,-1.3153,-0.40405,-0.8253,-0.71354,0.60178,1.8311,0.31808,0.39546,0.042984,0.73933,0.61897,1.1262,-0.060178,0.62757,1.1778,0.44704,0.17194,1.2036,1.5904,0.22352,-0.051581,-0.61897,0.37826,-0.33528,0.12036,-0.42984,-0.40405,-0.38686,-0.2665,-0.38686
1.195,-0.42984,-0.5588,-0.87688,-0.39546,-0.30089,-0.73933,-1.1262,-0.533,-0.67055,-1.0316,0.14615,-1.3755,-0.39546,-0.83389,-0.67915,0.62757,1.8655,0.30949,0.39546,0.060178,0.74793,0.62757,1.152,-0.068775,0.60178,1.1176,0.40405,0.18913,1.2551,1.5732,0.14615,-0.042984,-0.66196,0.42984,-0.37826,0.085969,-0.42984,-0.36966,-0.37826,-0.23211,-0.38686
1.1864,-0.47283,-0.5416,-0.84249,-0.40405,-0.29229,-0.72214,-1.1692,-0.60178,-0.66196,-1.0058,0.12895,-1.3325,-0.43844,-0.8253,-0.73073,0.63617,1.8913,0.32668,0.37826,0.060178,0.71354,0.56739,1.1606,-0.034387,0.5416,1.2293,0.42125,0.14615,1.2723,1.5646,0.20632,-0.034387,-0.65336,0.40405,-0.34387,0.094565,-0.40405,-0.38686,-0.42984,-0.24071,-0.37826
1.2122,-0.47283,-0.52441,-0.85969,-0.38686,-0.31808,-0.72214,-1.1864,-0.76512,-0.66196,-0.99723,0.12895,-1.3411,-0.47283,-0.8167,-0.67915,0.65336,1.8741,0.2837,0.37826,-0.0085969,0.70494,0.58459,1.1434,-0.060178,0.59318,1.1778,0.42125,0.18053,1.2809,1.6248,0.30089,-0.034387,-0.67055,0.42125,-0.36107,0.042984,-0.39546,-0.40405,-0.46423,-0.2837,-0.40405
1.2122,-0.49002,-0.49002,-0.86828,-0.35247,-0.24931,-0.73933,-1.1778,-0.88548,-0.68775,-1.023,0.12895,-1.2895,-0.46423,-0.84249,-0.70494,0.63617,1.8741,0.24931,0.35247,0.0085969,0.73933,0.58459,1.152,-0.034387,0.62757,1.195,0.40405,0.19773,1.2895,1.599,0.39546,0.0085969,-0.66196,0.42984,-0.33528,0.12895,-0.45563,-0.35247,-0.38686,-0.24931,-0.41265
1.2293,-0.44704,-0.5502,-0.86828,-0.37826,-0.30089,-0.69634,-1.2122,-0.89407,-0.70494,-1.0402,0.15474,-1.3583,-0.43844,-0.83389,-0.68775,0.61038,1.8827,0.2665,0.30949,0.017194,0.70494,0.533,1.1434,-0.10316,0.64476,1.1262,0.41265,0.12895,1.2551,1.5818,0.48142,-0.025791,-0.63617,0.38686,-0.30949,0.060178,-0.44704,-0.33528,-0.41265,-0.2837,-0.38686
1.2208,-0.45563,-0.5416,-0.87688,-0.33528,-0.22352,-0.73933,-1.1778,-0.79091,-0.68775,-0.99723,0.14615,-1.3325,-0.46423,-0.8167,-0.72214,0.62757,1.9257,0.23211,0.29229,-0.025791,0.73073,0.57599,1.152,-0.085969,0.67915,1.1778,0.42984,0.16334,1.2637,1.5474,0.49002,0,-0.68775,0.42984,-0.31808,0.10316,-0.44704,-0.36966,-0.37826,-0.25791,-0.33528
1.2723,-0.36107,-0.5416,-0.92846,-0.41265,-0.11176,-0.71354,-1.1434,-0.67915,-0.66196,-1.0488,0.12895,-1.3153,-0.47283,-0.86828,-0.73073,0.61038,1.8999,0.25791,0.29229,0.025791,0.76512,0.58459,1.1606,-0.094565,0.65336,1.2036,0.39546,0.19773,1.2981,1.5904,0.48142,-0.034387,-0.65336,0.42125,-0.31808,0.11176,-0.40405,-0.38686,-0.41265,-0.24931,-0.37826
1.2723,-0.36966,-0.50721,-0.93706,-0.36107,0.017194,-0.75652,-1.195,-0.59318,-0.65336,-1.066,0.12036,-1.3239,-0.47283,-0.85109,-0.73933,0.67055,1.8741,0.21492,0.36107,0.025791,0.8081,0.59318,1.195,-0.042984,0.64476,1.195,0.46423,0.18053,1.2551,1.5474,0.46423,-0.0085969,-0.66196,0.39546,-0.30949,0.094565,-0.36966,-0.35247,-0.39546,-0.21492,-0.36107
1.2465,-0.37826,-0.48142,-0.89407,-0.34387,0.11176,-0.72214,-1.2122,-0.65336,-0.67055,-1.066,0.12036,-1.3239,-0.44704,-0.8253,-0.68775,0.66196,1.9343,0.24931,0.30089,-0.0085969,0.76512,0.56739,1.1004,-0.051581,0.59318,1.2379,0.63617,0.17194,1.3067,1.556,0.43844,0.017194,-0.67915,0.40405,-0.31808,0.10316,-0.42125,-0.32668,-0.37826,-0.20632,-0.37826
1.2465,-0.36107,-0.51581,-0.91127,-0.34387,0.11176,-0.73073,-1.2122,-0.62757,-0.63617,-1.0918,0.16334,-1.2809,-0.47283,-0.85109,-0.71354,0.61038,1.8741,0.24931,0.2837,0.017194,0.74793,0.5588,1.1692,-0.042984,0.63617,1.2465,0.68775,0.18053,1.2895,1.5818,0.46423,0.051581,-0.63617,0.39546,-0.35247,0.094565,-0.35247,-0.31808,-0.39546,-0.24071,-0.37826
1.2551,-0.40405,-0.533,-0.89407,-0.37826,0.094565,-0.73073,-1.2293,-0.65336,-0.67915,-1.2122,0.15474,-1.3497,-0.50721,-0.84249,-0.68775,0.66196,1.9171,0.22352,0.2665,0.060178,0.78231,0.59318,1.2379,-0.051581,0.65336,1.2122,0.62757,0.18053,1.2809,1.5302,0.49862,-0.0085969,-0.69634,0.38686,-0.25791,0.10316,-0.36107,-0.35247,-0.35247,-0.20632,-0.37826
1.2809,-0.37826,-0.50721,-0.89407,-0.34387,0.11176,-0.72214,-1.1692,-0.63617,-0.63617,-1.4099,0.18053,-1.3067,-0.47283,-0.8253,-0.69634,0.60178,1.9257,0.25791,0.24931,0.017194,0.76512,0.56739,1.2551,-0.0085969,0.61897,1.2122,0.60178,0.18913,1.2637,1.5388,0.49002,0.017194,-0.63617,0.42125,-0.30089,0.11176,-0.40405,-0.38686,-0.42125,-0.22352,-0.42125
1.2723,-0.36107,-0.52441,-0.88548,-0.35247,0.094565,-0.73073,-1.2208,-0.62757,-0.65336,-1.5302,0.15474,-1.3067,-0.49862,-0.8253,-0.63617,0.61038,1.9257,0.24071,0.24071,0.060178,0.77372,0.5588,1.2379,0.051581,0.62757,1.2551,0.62757,0.18053,1.2551,1.5904,0.48142,0.034387,-0.67915,0.41265,-0.33528,0.094565,-0.36966,-0.38686,-0.40405,-0.24071,-0.40405
1.2637,-0.34387,-0.47283,-0.89407,-0.36966,0.15474,-0.75652,-1.1778,-0.64476,-0.65336,-1.4959,0.18053,-1.3067,-0.533,-0.8253,-0.70494,0.61897,1.9343,0.20632,0.21492,0.10316,0.77372,0.533,1.2379,-0.0085969,0.61038,1.2122,0.61038,0.16334,1.2379,1.5646,0.51581,0.034387,-0.67915,0.45563,-0.29229,0.094565,-0.36107,-0.37826,-0.41265,-0.22352,-0.41265
1.2981,-0.36107,-0.52441,-0.90267,-0.34387,0.11176,-0.70494,-1.2208,-0.60178,-0.65336,-1.4099,0.15474,-1.2895,-0.49002,-0.8167,-0.70494,0.61038,1.9257,0.21492,0.18053,0.0085969,0.8081,0.48142,1.2637,0,0.62757,1.2379,0.60178,0.15474,1.2981,1.556,0.5416,0.017194,-0.67915,0.39546,-0.34387,0.10316,-0.36107,-0.37826,-0.36107,-0.24071,-0.39546
1.3325,-0.38686,-0.52441,-0.92846,-0.40405,0.085969,-0.67055,-1.2465,-0.59318,-0.66196,-1.4013,0.15474,-1.2895,-0.50721,-0.85109,-0.73073,0.61897,1.8827,0.21492,0.16334,0.077372,0.79951,0.5502,1.2723,-0.034387,0.67055,1.2293,0.65336,0.19773,1.2723,1.5388,0.56739,0.0085969,-0.64476,0.39546,-0.31808,0.085969,-0.29229,-0.40405,-0.35247,-0.32668,-0.42125
1.3411,-0.39546,-0.5588,-0.92846,-0.37826,0.11176,-0.70494,-1.2637,-0.61897,-0.63617,-1.3927,0.18913,-1.3067,-0.49862,-0.83389,-0.68775,0.62757,1.9085,0.25791,0.077372,0.085969,0.8167,0.5416,1.2809,-0.034387,0.63617,1.2122,0.67055,0.15474,1.2981,1.5646,0.58459,0.051581,-0.68775,0.37826,-0.29229,0.10316,-0.32668,-0.33528,-0.38686,-0.20632,-0.42125
1.3325,-0.36966,-0.5416,-0.90267,-0.36966,0.12036,-0.69634,-1.2637,-0.62757,-0.65336,-1.3325,0.17194,-1.3325,-0.49002,-0.8167,-0.71354,0.63617,1.8827,0.2665,0.16334,0.042984,0.79951,0.5588,1.2637,-0.077372,0.67915,1.2122,0.61038,0.21492,1.2723,1.5646,0.52441,0.025791,-0.69634,0.42984,-0.2665,0.060178,-0.24071,-0.35247,-0.35247,-0.24071,-0.42984
1.3067,-0.34387,-0.45563,-0.91986,-0.38686,0.060178,-0.73933,-1.2036,-0.60178,-0.64476,-1.3669,0.23211,-1.2981,-0.49862,-0.8253,-0.70494,0.64476,1.9601,0.24931,0.16334,0.068775,0.8253,0.5416,1.2895,-0.017194,0.65336,1.2036,0.64476,0.16334,1.2809,1.5302,0.59318,0.094565,-0.74793,0.37826,-0.30949,0.10316,-0.2751,-0.40405,-0.38686,-0.2665,-0.41265
1.3583,-0.39546,-0.49002,-0.91986,-0.38686,0.094565,-0.72214,-1.2379,-0.63617,-0.68775,-1.3755,0.20632,-1.2895,-0.52441,-0.85109,-0.68775,0.65336,1.8741,0.19773,0.12036,0.068775,0.8253,0.5502,1.2122,-0.042984,0.70494,1.2208,0.61897,0.20632,1.2723,1.5646,0.56739,0.085969,-0.72214,0.30089,-0.33528,0.094565,-0.2665,-0.38686,-0.34387,-0.32668,-0.42984
1.3755,-0.38686,-0.48142,-0.92846,-0.37826,0.12036,-0.69634,-1.2122,-0.61897,-0.64476,-1.3841,0.14615,-1.3239,-0.5416,-0.84249,-0.71354,0.67055,1.9429,0.22352,0.12895,0.051581,0.85109,0.52441,1.2637,-0.060178,0.67055,1.2293,0.59318,0.20632,1.2809,1.5302,0.57599,0.060178,-0.70494,0.077372,-0.31808,0.068775,-0.29229,-0.37826,-0.36966,-0.2751,-0.42125
1.3583,-0.37826,-0.48142,-0.93706,-0.42125,0.085969,-0.70494,-1.2723,-0.62757,-0.61897,-1.3755,0.18053,-1.2809,-0.50721,-0.86828,-0.69634,0.66196,1.8999,0.22352,0.13755,0.077372,0.83389,0.533,1.2723,-0.077372,0.67055,1.2551,0.64476,0.22352,1.2379,1.5818,0.58459,0.077372,-0.73933,0.051581,-0.33528,0.060178,-0.24931,-0.36966,-0.34387,-0.19773,-0.48142
1.3411,-0.36107,-0.50721,-0.92846,-0.38686,0.14615,-0.71354,-1.2465,-0.63617,-0.65336,-1.3669,0.18053,-1.3067,-0.50721,-0.89407,-0.67055,0.65336,1.8999,0.22352,0.14615,0.10316,0.79951,0.49002,1.3067,-0.034387,0.70494,1.2293,0.61897,0.18913,1.2723,1.6076,0.61038,0.068775,-0.73073,0.14615,-0.30089,0.042984,-0.24071,-0.39546,-0.36107,-0.25791,-0.44704
1.3755,-0.34387,-0.47283,-0.89407,-0.42984,0.11176,-0.77372,-1.2637,-0.64476,-0.63617,-1.3755,0.15474,-1.3669,-0.5502,-0.88548,-0.67915,0.63617,1.9171,0.21492,0.14615,0.11176,0.83389,0.49002,1.2981,-0.060178,0.65336,1.195,0.63617,0.18913,1.3067,1.5646,0.56739,0.051581,-0.67055,0.2665,-0.24071,0.085969,-0.2751,-0.33528,-0.36107,-0.2837,-0.40405
1.3497,-0.34387,-0.44704,-0.91127,-0.42984,0.051581,-0.68775,-1.2723,-0.61038,-0.61038,-1.3755,0.15474,-1.2981,-0.5416,-0.90267,-0.66196,0.60178,1.8999,0.21492,0.14615,0.10316,0.76512,0.50721,1.2723,-0.060178,0.67055,1.2122,0.61897,0.20632,1.2723,1.5732,0.57599,0.042984,-0.71354,0.32668,-0.24931,0.025791,-0.29229,-0.37826,-0.35247,-0.2751,-0.47283
1.3583,-0.36107,-0.42125,-0.91986,-0.38686,0.068775,-0.70494,-1.2723,-0.62757,-0.69634,-1.3841,0.22352,-1.2208,-0.59318,-0.87688,-0.71354,0.59318,1.9085,0.18053,0.10316,0.068775,0.83389,0.47283,1.2723,-0.034387,0.68775,1.195,0.63617,0.25791,1.2895,1.5646,0.61038,0.11176,-0.68775,0.34387,-0.30089,0.060178,-0.2751,-0.35247,-0.32668,-0.2837,-0.42125
1.3325,-0.35247,-0.41265,-0.91127,-0.37826,0.077372,-0.67915,-1.2551,-0.67055,-0.66196,-1.3669,0.19773,-1.3153,-0.62757,-0.86828,-0.69634,0.64476,1.8999,0.20632,0.077372,0.12895,0.88548,0.51581,1.2637,-0.19773,0.68775,1.2293,0.61038,0.25791,1.2723,1.5388,0.62757,0.13755,-0.71354,0.36966,-0.30949,0.068775,-0.30089,-0.37826,-0.34387,-0.2665,-0.41265
1.3325,-0.38686,-0.42984,-0.91127,-0.42125,0.077372,-0.68775,-1.2379,-0.68775,-0.70494,-1.3583,0.18913,-1.2723,-0.67055,-0.89407,-0.67915,0.63617,1.9343,0.22352,0.11176,0.085969,0.85109,0.49002,1.2465,-0.20632,0.71354,1.1864,0.61038,0.19773,1.2551,1.556,0.61038,0.12036,-0.73933,0.39546,-0.30089,0.025791,-0.25791,-0.41265,-0.33528,-0.051581,-0.46423
1.3325,-0.39546,-0.41265,-0.91986,-0.35247,0.12036,-0.70494,-1.2809,-0.63617,-0.69634,-1.3669,0.18053,-1.3411,-0.67055,-0.88548,-0.70494,0.60178,1.9085,0.20632,0.12895,0.085969,0.84249,0.48142,1.2809,-0.20632,0.71354,1.2122,0.64476,0.24071,1.2465,1.5646,0.62757,0.094565,-0.77372,0.37826,-0.30089,0.051581,-0.2751,-0.39546,-0.33528,0.017194,-0.45563
1.3067,-0.34387,-0.39546,-0.91986,-0.39546,0.034387,-0.71354,-1.2637,-0.66196,-0.65336,-1.4013,0.18053,-1.2809,-0.62757,-0.88548,-0.68775,0.67055,1.9171,0.17194,0.11176,0.13755,0.87688,0.49862,1.3239,-0.15474,0.74793,1.2036,0.60178,0.22352,1.2723,1.5818,0.61897,0.10316,-0.75652,0.40405,-0.2751,0.042984,-0.2751,-0.37826,-0.34387,0.042984,-0.47283
1.3669,-0.34387,-0.38686,-0.95425,-0.42125,0.085969,-0.73933,-1.2809,-0.62757,-0.62757,-1.3755,0.24071,-1.2551,-0.59318,-0.99723,-0.68775,0.66196,1.9257,0.22352,0.11176,0.094565,0.86828,0.48142,1.2895,-0.12036,0.73933,1.1778,0.66196,0.21492,1.2637,1.5302,0.68775,0.094565,-0.73073,0.42125,-0.20632,-0.0085969,-0.2837,-0.34387,-0.33528,0.051581,-0.45563
1.3325,-0.39546,-0.37826,-0.95425,-0.36966,0.068775,-0.71354,-1.2895,-0.59318,-0.65336,-1.4013,0.20632,-1.2637,-0.58459,-1.109,-0.63617,0.65336,1.8913,0.18053,0.12036,0.068775,0.86828,0.46423,1.2723,-0.11176,0.70494,1.1778,0.60178,0.20632,1.2465,1.5388,0.66196,0.12036,-0.72214,0.45563,-0.060178,0.017194,-0.21492,-0.38686,-0.34387,0.060178,-0.44704
1.2981,-0.36966,-0.34387,-0.94565,-0.36107,0.085969,-0.71354,-1.2551,-0.64476,-0.72214,-1.3583,0.18913,-1.2895,-0.57599,-1.1434,-0.70494,0.64476,1.9429,0.19773,0.068775,0.068775,0.89407,0.46423,1.2551,-0.094565,0.72214,1.2122,0.59318,0.21492,1.2293,1.5646,0.67055,0.060178,-0.68775,0.40405,0,0.017194,-0.23211,-0.36966,-0.33528,0.060178,-0.44704
1.3153,-0.34387,-0.35247,-0.99723,-0.42125,0.042984,-0.67915,-1.2895,-0.64476,-0.61897,-1.3583,0.21492,-1.3497,-0.61897,-1.1004,-0.67055,0.65336,1.9085,0.18913,0.12036,0.042984,0.87688,0.49862,1.2809,-0.094565,0.70494,1.2293,0.62757,0.21492,1.2465,1.556,0.66196,0.068775,-0.73073,0.46423,-0.034387,0.017194,-0.20632,-0.39546,-0.36107,0.077372,-0.45563
1.3325,-0.34387,-0.35247,-0.94565,-0.41265,0,-0.69634,-1.2551,-0.62757,-0.65336,-1.3325,0.19773,-1.3239,-0.5588,-1.0746,-0.70494,0.65336,1.9171,0.20632,0.13755,0.094565,0.85969,0.42984,1.2809,-0.077372,0.66196,1.1864,0.65336,0.21492,1.2293,1.5216,0.62757,0.077372,-0.74793,0.45563,-0.051581,0,-0.24071,-0.38686,-0.33528,0.034387,-0.533
1.2981,-0.41265,-0.36107,-0.98864,-0.41265,-0.017194,-0.70494,-1.2723,-0.63617,-0.67055,-1.3583,0.20632,-1.2637,-0.63617,-1.0918,-0.66196,0.63617,1.8827,0.19773,0.11176,0.077372,0.90267,0.42984,1.2637,-0.11176,0.73073,1.2465,0.62757,0.20632,1.2122,1.5732,0.61897,0.068775,-0.72214,0.46423,-0.077372,0.034387,-0.24931,-0.36107,-0.35247,-0.0085969,-0.42984
1.2981,-0.38686,-0.33528,-0.95425,-0.38686,0.017194,-0.73933,-1.2723,-0.61038,-0.67055,-1.3927,0.24071,-1.2637,-0.5502,-1.0746,-0.67915,0.65336,1.9429,0.20632,0.13755,0.060178,0.85109,0.46423,1.2723,-0.042984,0.74793,1.2122,0.60178,0.18913,1.2122,1.5474,0.67915,0.068775,-0.71354,0.47283,-0.077372,0.017194,-0.24071,-0.37826,-0.36966,0.025791,-0.49002
1.3153,-0.36107,-0.30089,-0.95425,-0.36966,0.025791,-0.70494,-1.2723,-0.64476,-0.69634,-1.3669,0.2751,-1.2379,-0.5502,-1.066,-0.70494,0.67055,1.9171,0.23211,0.13755,0.025791,0.87688,0.44704,1.2551,-0.085969,0.71354,1.1606,0.62757,0.18053,1.2036,1.5646,0.66196,0.068775,-0.76512,0.43844,-0.042984,0.0085969,-0.21492,-0.34387,-0.35247,0.0085969,-0.46423
1.2637,-0.34387,-0.2665,-1.0144,-0.36107,0.034387,-0.74793,-1.2895,-0.62757,-0.66196,-1.3325,0.20632,-1.2637,-0.58459,-1.0316,-0.71354,0.67915,1.8913,0.16334,0.17194,0.051581,0.90267,0.41265,1.2551,-0.085969,0.69634,1.2036,0.61038,0.17194,1.152,1.5388,0.62757,0.068775,-0.75652,0.49862,-0.077372,0.034387,-0.24931,-0.30949,-0.42125,0.017194,-0.47283
1.2809,-0.35247,-0.29229,-1.023,-0.37826,0.025791,-0.70494,-1.2981,-0.65336,-0.67915,-1.3497,0.21492,-1.2723,-0.56739,-1.0316,-0.69634,0.67055,1.8913,0.18053,0.14615,0.042984,0.83389,0.39546,1.2208,-0.10316,0.70494,1.195,0.63617,0.22352,1.1348,1.5646,0.67055,0.068775,-0.76512,0.51581,0.017194,0.034387,-0.21492,-0.18053,-0.57599,0.017194,-0.44704
1.3153,-0.36107,-0.30089,-1.0144,-0.40405,0.0085969,-0.74793,-1.3583,-0.67055,-0.66196,-1.3239,0.20632,-1.2465,-0.5502,-1.0574,-0.71354,0.65336,1.9171,0.14615,0.19773,0.060178,0.85969,0.40405,1.2208,-0.085969,0.70494,1.195,0.56739,0.19773,1.1262,1.5732,0.70494,0.042984,-0.79951,0.49862,-0.051581,0.017194,-0.18913,-0.15474,-0.66196,0.034387,-0.49862
1.2981,-0.39546,-0.2837,-1.0058,-0.38686,-0.0085969,-0.71354,-1.5044,-0.63617,-0.68775,-1.3669,0.18913,-1.2208,-0.5588,-1.0574,-0.67915,0.67055,1.9257,0.15474,0.16334,0.051581,0.91127,0.38686,1.2465,-0.11176,0.72214,1.2208,0.60178,0.23211,1.109,1.556,0.67055,0.042984,-0.77372,0.52441,-0.042984,0,-0.23211,-0.15474,-0.60178,0.017194,-0.46423
1.3153,-0.34387,-0.24931,-0.98864,-0.47283,0.0085969,-0.73073,-1.6248,-0.61897,-0.67915,-1.3927,0.22352,-1.2379,-0.49002,-1.0488,-0.71354,0.67915,1.8827,0.10316,0.18913,0.025791,0.91127,0.2751,1.2293,-0.094565,0.71354,1.2379,0.64476,0.21492,1.1262,1.5818,0.70494,0.017194,-0.75652,0.51581,-0.077372,0.034387,-0.19773,-0.15474,-0.42984,0.034387,-0.52441
1.3153,-0.33528,-0.2665,-1.0574,-0.40405,0.042984,-0.71354,-1.5044,-0.61038,-0.69634,-1.4271,0.24071,-1.2551,-0.52441,-1.066,-0.65336,0.70494,1.9085,0.13755,0.22352,0.025791,0.89407,0.24931,1.2293,-0.077372,0.72214,1.1692,0.60178,0.22352,1.1434,1.556,0.72214,0.060178,-0.73933,0.52441,-0.042984,0.0085969,-0.20632,-0.18053,-0.36107,0.042984,-0.49002
1.3067,-0.34387,-0.21492,-1.0144,-0.38686,0,-0.68775,-1.3239,-0.63617,-0.66196,-1.3497,0.20632,-1.2723,-0.56739,-1.023,-0.68775,0.67055,1.9171,0.12895,0.23211,0.034387,0.88548,0.19773,1.2551,-0.094565,0.71354,1.195,0.59318,0.23211,1.1348,1.5732,0.68775,0.017194,-0.78231,0.5416,-0.042984,-0.017194,-0.18053,-0.20632,-0.36107,0.042984,-0.41265
1.2981,-0.33528,-0.24071,-1.023,-0.40405,-0.017194,-0.67915,-1.2122,-0.61897,-0.66196,-1.3411,0.13755,-1.2551,-0.533,-1.0488,-0.65336,0.67055,1.8827,0.11176,0.23211,0.060178,0.87688,0.29229,1.2122,-0.15474,0.72214,1.1778,0.61897,0.21492,1.1262,1.5646,0.73073,0.051581,-0.75652,0.51581,-0.051581,-0.10316,-0.21492,-0.16334,-0.35247,0.034387,-0.18053
1.3153,-0.36966,-0.20632,-1.0058,-0.37826,-0.017194,-0.68775,-1.2809,-0.61038,-0.66196,-1.3497,0.18913,-1.2809,-0.49862,-1.0574,-0.65336,0.75652,1.9085,0.13755,0.24931,0.13755,0.90267,0.34387,1.2122,-0.077372,0.71354,1.195,0.60178,0.2665,1.1262,1.5818,0.71354,0.034387,-0.76512,0.57599,-0.034387,-0.12036,-0.24071,-0.16334,-0.32668,0.017194,-0.077372
1.3067,-0.35247,-0.18913,-0.99723,-0.36966,-0.0085969,-0.67915,-1.2981,-0.61897,-0.62757,-1.3497,0.16334,-1.2551,-0.50721,-1.0402,-0.67055,0.70494,1.8655,0.12036,0.2665,0.094565,0.85109,0.34387,1.1864,-0.077372,0.71354,1.2122,0.59318,0.23211,1.1434,1.5818,0.73073,0,-0.76512,0.5502,-0.051581,-0.19773,-0.20632,-0.18053,-0.36107,0.017194,-0.051581
1.3067,-0.35247,-0.22352,-1.0316,-0.39546,-0.034387,-0.71354,-1.2895,-0.60178,-0.69634,-1.3669,0.20632,-1.2465,-0.5502,-1.066,-0.64476,0.71354,1.9085,0.12895,0.24931,0.051581,0.86828,0.33528,1.1778,-0.077372,0.69634,1.2293,0.63617,0.21492,1.109,1.6162,0.73933,0.025791,-0.76512,0.59318,-0.077372,-0.10316,-0.24071,-0.12895,-0.36966,0.017194,-0.13755
1.3067,-0.34387,-0.19773,-0.98864,-0.40405,-0.042984,-0.70494,-1.2981,-0.63617,-0.67055,-1.3497,0.17194,-1.2293,-0.47283,-0.96285,-0.69634,0.72214,1.8913,0.10316,0.2837,0.042984,0.8167,0.32668,1.1778,-0.10316,0.70494,1.195,0.58459,0.24071,1.1004,1.599,0.74793,0.025791,-0.78231,0.57599,-0.025791,-0.034387,-0.25791,-0.14615,-0.36107,0.051581,-0.11176
1.3325,-0.33528,-0.12895,-0.98864,-0.42984,-0.051581,-0.75652,-1.3153,-0.61897,-0.69634,-1.3669,0.17194,-1.2122,-0.52441,-0.99723,-0.67915,0.73073,1.8913,0.10316,0.25791,0.025791,0.84249,0.36107,1.1692,-0.094565,0.73933,1.2036,0.59318,0.24931,1.1004,1.599,0.75652,0.0085969,-0.79091,0.57599,-0.068775,-0.034387,-0.22352,-0.14615,-0.33528,0.025791,-0.11176
1.3153,-0.36966,-0.17194,-1.0316,-0.42125,-0.21492,-0.69634,-1.3325,-0.63617,-0.71354,-1.3755,0.18913,-1.2379,-0.47283,-0.99723,-0.66196,0.72214,1.8741,0.12895,0.29229,0.068775,0.85109,0.33528,1.1692,-0.12895,0.70494,1.2208,0.65336,0.24071,1.0574,1.5904,0.79091,-0.0085969,-0.79951,0.61897,-0.025791,-0.0085969,-0.24931,-0.12895,-0.35247,0.042984,-0.10316
1.3239,-0.36966,-0.14615,-1.0058,-0.37826,-0.35247,-0.69634,-1.3153,-0.63617,-0.67915,-1.3669,0.17194,-1.2293,-0.42984,-1.0402,-0.67055,0.70494,1.8741,0.12895,0.2665,0.051581,0.87688,0.37826,1.1348,-0.14615,0.74793,1.2036,0.61897,0.24071,1.0574,1.5646,0.76512,-0.025791,-0.8253,0.5588,-0.051581,0,-0.25791,-0.16334,-0.34387,-0.017194,-0.094565
1.2981,-0.37826,-0.19773,-1.0488,-0.45563,-0.35247,-0.69634,-1.2379,-0.66196,-0.68775,-1.3497,0.13755,-1.2208,-0.44704,-1.023,-0.63617,0.73073,1.8999,0.10316,0.29229,0.042984,0.8081,0.36107,1.152,-0.12036,0.73933,1.1864,0.57599,0.21492,0.97144,1.5732,0.79091,0,-0.90267,0.61038,-0.017194,-0.042984,-0.25791,-0.14615,-0.34387,0.034387,-0.077372
1.2981,-0.32668,-0.17194,-0.99723,-0.42984,-0.2751,-0.72214,-1.2981,-0.62757,-0.71354,-1.3497,0.18053,-1.2723,-0.44704,-1.0144,-0.67055,0.74793,1.8913,0.11176,0.29229,0.042984,0.85109,0.35247,1.152,-0.13755,0.74793,1.2208,0.62757,0.21492,1.0316,1.5732,0.8253,0.017194,-1.0918,0.61038,-0.042984,-0.025791,-0.2751,-0.12036,-0.36107,0.051581,-0.10316
1.3153,-0.32668,-0.11176,-0.98004,-0.42125,-0.22352,-0.66196,-1.2637,-0.62757,-0.67055,-1.3755,0.16334,-1.2465,-0.52441,-1.0746,-0.69634,0.70494,1.8655,0.10316,0.30089,0.085969,0.85109,0.33528,1.109,-0.12895,0.72214,1.2036,0.57599,0.25791,1.0058,1.5904,0.8081,-0.025791,-1.1348,0.67055,-0.077372,-0.042984,-0.2751,-0.10316,-0.33528,0.034387,-0.042984
1.3411,-0.36107,-0.017194,-0.98864,-0.36966,-0.23211,-0.67915,-1.2465,-0.65336,-0.72214,-1.3583,0.10316,-1.2379,-0.42984,-1.0144,-0.69634,0.70494,1.8827,0.077372,0.2665,0.068775,0.83389,0.2751,1.1176,-0.17194,0.70494,1.2465,0.58459,0.2665,1.0746,1.5732,0.8081,-0.0085969,-1.0316,0.61897,-0.034387,-0.085969,-0.33528,-0.10316,-0.33528,0.060178,-0.051581
1.3239,-0.36107,0.042984,-1.0144,-0.36107,-0.20632,-0.70494,-1.2637,-0.62757,-0.66196,-1.3755,0.16334,-1.2293,-0.42125,-1.0574,-0.63617,0.72214,1.8913,0.12895,0.24931,0.042984,0.8253,0.37826,1.152,-0.094565,0.73933,1.2293,0.57599,0.25791,1.0746,1.5818,0.84249,0.017194,-0.88548,0.61897,-0.068775,-0.017194,-0.49002,-0.094565,-0.35247,0.025791,-0.12036
1.2895,-0.35247,0.025791,-1.023,-0.44704,-0.15474,-0.72214,-1.2465,-0.61897,-0.68775,-1.3669,0.16334,-1.2465,-0.41265,-1.0574,-0.64476,0.78231,1.8913,0.12895,0.2665,0.060178,0.84249,0.36966,1.1262,-0.094565,0.72214,1.2293,0.59318,0.2665,1.0918,1.556,0.85109,-0.0085969,-0.86828,0.64476,-0.025791,-0.034387,-0.59318,-0.12036,-0.34387,0,-0.11176
1.3067,-0.32668,0.025791,-0.93706,-0.43844,-0.18053,-0.68775,-1.2723,-0.68775,-0.67055,-1.3325,0.15474,-1.2465,-0.42125,-1.0144,-0.65336,0.74793,1.8913,0.13755,0.2837,0.077372,0.8167,0.36107,1.1176,-0.10316,0.71354,1.2293,0.59318,0.2837,1.109,1.5474,0.8081,-0.051581,-0.87688,0.61897,-0.060178,-0.051581,-0.533,-0.16334,-0.36107,0.017194,-0.11176
1.2809,-0.34387,0.042984,-0.99723,-0.42125,-0.18913,-0.71354,-1.2981,-0.64476,-0.72214,-1.3669,0.14615,-1.2723,-0.43844,-1.0058,-0.67055,0.75652,1.8741,0.10316,0.30089,0.10316,0.8167,0.36107,1.1176,-0.12895,0.68775,1.2379,0.56739,0.24931,1.1262,1.6076,0.83389,-0.017194,-0.85969,0.64476,-0.042984,-0.017194,-0.47283,-0.12895,-0.35247,0.0085969,-0.17194
1.2809,-0.31808,0.025791,-1.0144,-0.39546,-0.15474,-0.69634,-1.2637,-0.63617,-0.71354,-1.3411,0.13755,-1.2293,-0.42125,-1.0058,-0.71354,0.79091,1.8483,0.14615,0.2837,0.085969,0.79951,0.34387,1.066,-0.17194,0.71354,1.2551,0.5588,0.24931,1.0488,1.5818,0.8081,-0.068775,-0.8253,0.69634,-0.077372,0,-0.44704,-0.12036,-0.37826,0.025791,-0.077372
1.3239,-0.32668,0.042984,-0.96285,-0.37826,-0.14615,-0.71354,-1.2723,-0.63617,-0.67915,-1.3583,0.15474,-1.2208,-0.37826,-1.0488,-0.67915,0.76512,1.8483,0.13755,0.30089,0.068775,0.85109,0.39546,1.1004,-0.14615,0.73933,1.2036,0.59318,0.2751,1.109,1.5818,0.83389,-0.042984,-0.87688,0.73073,-0.051581,-0.051581,-0.40405,-0.12895,-0.35247,0.034387,-0.085969
1.3067,-0.34387,0.017194,-0.98004,-0.42984,-0.13755,-0.67915,-1.2465,-0.61038,-0.71354,-1.3497,0.15474,-1.2379,-0.38686,-1.0144,-0.71354,0.74793,1.9257,0.12036,0.30949,0.068775,0.84249,0.36966,1.0574,-0.16334,0.74793,1.195,0.58459,0.29229,1.0832,1.5388,0.86828,-0.060178,-0.8253,0.68775,-0.085969,-0.051581,-0.36107,-0.14615,-0.35247,0.042984,-0.094565
1.3067,-0.2751,0.025791,-0.98864,-0.36107,-0.12036,-0.69634,-1.2551,-0.65336,-0.68775,-1.3411,0.042984,-1.2551,-0.36966,-0.98864,-0.67915,0.73933,1.8827,0.12895,0.2837,0.068775,0.79951,0.39546,1.1004,-0.18053,0.69634,1.2208,0.59318,0.24931,1.0918,1.5904,0.87688,-0.051581,-0.85109,0.67055,-0.051581,-0.025791,-0.43844,-0.068775,-0.34387,0.034387,-0.18053
1.3067,-0.29229,0.060178,-0.98864,-0.41265,-0.17194,-0.66196,-1.2379,-0.69634,-0.73933,-1.3583,-0.17194,-1.2981,-0.33528,-0.99723,-0.67055,0.75652,1.8827,0.10316,0.33528,0.034387,0.85109,0.39546,1.0832,-0.12036,0.73933,1.2551,0.61897,0.2751,1.1348,1.556,0.84249,-0.034387,-0.8167,0.66196,-0.060178,-0.051581,-0.42125,-0.12895,-0.31808,0.060178,-0.12895
1.3239,-0.29229,0.060178,-1.0058,-0.40405,-0.16334,-0.71354,-1.2208,-0.61038,-0.70494,-1.3411,-0.24071,-1.2895,-0.30089,-1.0488,-0.67055,0.71354,1.8913,0.16334,0.30949,0.068775,0.8253,0.38686,1.0918,-0.15474,0.73073,1.2465,0.59318,0.30089,1.0832,1.5904,0.83389,-0.025791,-0.8081,0.70494,-0.085969,-0.060178,-0.40405,-0.15474,-0.32668,0.025791,-0.077372
1.3325,-0.29229,0.025791,-0.99723,-0.40405,-0.18913,-0.70494,-1.2293,-0.66196,-0.66196,-1.2981,-0.18053,-1.2465,-0.32668,-1.0402,-0.60178,0.74793,1.8999,0.042984,0.31808,0.068775,0.8253,0.42125,1.066,-0.12895,0.75652,1.2208,0.61897,0.30089,1.0832,1.556,0.8081,-0.042984,-0.85969,0.70494,-0.068775,-0.085969,-0.37826,-0.13755,-0.31808,0.025791,-0.068775
1.3153,-0.2837,0.0085969,-0.97144,-0.49002,-0.14615,-0.70494,-1.2465,-0.62757,-0.67915,-1.3497,-0.017194,-1.2637,-0.30949,-0.98004,-0.67055,0.75652,1.8827,0.10316,0.35247,0.085969,0.86828,0.41265,1.1176,-0.13755,0.83389,1.2293,0.61897,0.30949,1.0832,1.5388,0.87688,-0.068775,-0.84249,0.64476,-0.060178,-0.060178,-0.40405,-0.11176,-0.35247,0.034387,-0.068775
1.3325,-0.30949,0.068775,-0.99723,-0.59318,-0.17194,-0.70494,-1.2208,-0.63617,-0.68775,-1.3067,0.12036,-1.2637,-0.33528,-1.0144,-0.66196,0.73933,1.8741,0.11176,0.31808,0.11176,0.8081,0.37826,1.109,-0.13755,0.87688,1.2293,0.58459,0.2751,1.1004,1.556,0.85969,-0.060178,-0.8253,0.67055,-0.094565,-0.085969,-0.36966,-0.14615,-0.35247,0.025791,-0.12895
1.2895,-0.2837,0.025791,-1.0144,-0.63617,-0.18053,-0.69634,-1.2293,-0.66196,-0.64476,-1.3497,0.17194,-1.2293,-0.36966,-0.98004,-0.69634,0.75652,1.8397,0.14615,0.39546,0.085969,0.83389,0.39546,1.0746,-0.16334,0.8253,1.2551,0.58459,0.29229,1.109,1.556,0.86828,0.017194,-0.8081,0.64476,-0.11176,-0.11176,-0.38686,-0.15474,-0.37826,0.034387,-0.13755
1.3153,-0.30949,0.068775,-1.0316,-0.63617,-0.11176,-0.68775,-1.2036,-0.56739,-0.50721,-1.3239,0.16334,-1.2809,-0.33528,-0.98864,-0.65336,0.71354,1.8483,0.12895,0.35247,0.085969,0.8167,0.39546,1.0746,-0.13755,0.78231,1.2208,0.57599,0.2751,1.1262,1.5904,0.86828,-0.077372,-0.76512,0.67915,-0.11176,-0.077372,-0.42125,-0.14615,-0.33528,0.025791,-0.13755
1.2551,-0.33528,0.042984,-0.98864,-0.61897,-0.17194,-0.70494,-1.2379,-0.57599,-0.43844,-1.3239,0.16334,-1.2895,-0.32668,-0.98004,-0.67055,0.66196,1.8311,0.11176,0.32668,0.077372,0.83389,0.42984,1.066,-0.14615,0.8081,1.2036,0.60178,0.24931,1.109,1.5646,0.89407,-0.068775,-0.76512,0.69634,-0.11176,-0.085969,-0.38686,-0.13755,-0.31808,0.017194,-0.13755
1.3325,-0.30949,0.017194,-0.99723,-0.61038,-0.16334,-0.66196,-1.2036,-0.59318,-0.37826,-1.3497,0.18913,-1.2551,-0.30949,-0.98864,-0.66196,0.73073,1.8569,-0.025791,0.35247,0.060178,0.83389,0.38686,1.0488,-0.12895,0.8081,1.2036,0.61038,0.2751,1.0746,1.599,0.85109,-0.094565,-0.74793,0.67055,-0.060178,-0.060178,-0.37826,-0.15474,-0.35247,0.017194,-0.14615
1.3067,-0.34387,0.060178,-0.99723,-0.59318,-0.15474,-0.66196,-1.2551,-0.62757,-0.33528,-1.3583,0.16334,-1.2981,-0.2665,-1.0058,-0.71354,0.75652,1.8913,-0.034387,0.38686,0.017194,0.8081,0.42125,1.0746,-0.15474,0.8253,1.2379,0.65336,0.24071,1.1004,1.5818,0.85109,-0.094565,-0.75652,0.65336,-0.060178,-0.051581,-0.39546,-0.12036,-0.36107,0,-0.13755
1.3153,-0.2837,0.060178,-0.96285,-0.58459,-0.18053,-0.70494,-1.2551,-0.60178,-0.31808,-1.3669,0.18053,-1.2723,-0.30089,-1.0058,-0.66196,0.73073,1.8139,-0.025791,0.38686,0.085969,0.83389,0.39546,1.1004,-0.14615,0.83389,1.2379,0.62757,0.2665,1.0574,1.5904,0.85109,-0.060178,-0.77372,0.65336,-0.094565,-0.094565,-0.37826,-0.11176,-0.33528,0.017194,-0.16334
1.3325,-0.2665,0.025791,-0.98004,-0.58459,-0.21492,-0.65336,-1.2036,-0.59318,-0.35247,-1.3239,0.17194,-1.2809,-0.36107,-0.98004,-0.67915,0.71354,1.8225,0.10316,0.36966,0.11176,0.8253,0.43844,1.0918,-0.14615,0.83389,1.2293,0.57599,0.29229,1.0832,1.5904,0.86828,-0.13755,-0.79951,0.62757,-0.077372,-0.068775,-0.40405,-0.11176,-0.33528,0.077372,-0.16334
1.3153,-0.30089,0.034387,-0.98004,-0.57599,-0.17194,-0.66196,-1.2809,-0.57599,-0.33528,-1.2379,0.18913,-1.2465,-0.31808,-0.98864,-0.65336,0.71354,1.8655,0.21492,0.37826,0.077372,0.8081,0.39546,1.1004,-0.16334,0.87688,1.2036,0.64476,0.2837,1.1262,1.556,0.85109,-0.16334,-0.74793,0.65336,-0.068775,-0.12036,-0.42125,-0.12036,-0.36966,0.025791,-0.12895
1.3927,-0.35247,0.042984,-0.96285,-0.5502,-0.18913,-0.62757,-1.2122,-0.533,-0.39546,-1.1692,0.13755,-1.2981,-0.30089,-0.98004,-0.65336,0.68775,1.8397,0.25791,0.40405,0.077372,0.83389,0.40405,1.0746,-0.14615,0.84249,1.2036,0.63617,0.2751,1.0746,1.5474,0.8167,-0.042984,-0.74793,0.64476,-0.077372,-0.11176,-0.36966,-0.12895,-0.36966,0.017194,-0.14615
1.2981,-0.25791,0.051581,-1.023,-0.5416,-0.18053,-0.61897,-1.2637,-0.51581,-0.36107,-1.1348,0.16334,-1.2981,-0.29229,-0.98004,-0.63617,0.61897,1.8311,0.21492,0.42984,0.034387,0.78231,0.40405,1.1004,-0.11176,0.85969,1.2122,0.62757,0.30949,1.0574,1.556,0.85969,0.025791,-0.70494,0.65336,-0.068775,-0.14615,-0.33528,-0.13755,-0.38686,0.034387,-0.17194
1.3239,-0.30949,0.025791,-0.98864,-0.58459,-0.20632,-0.64476,-1.2637,-0.5416,-0.34387,-1.109,0.18913,-1.3067,-0.35247,-1.0058,-0.65336,0.70494,1.8655,0.17194,0.43844,0.10316,0.8081,0.41265,1.1004,-0.11176,0.86828,1.2122,0.63617,0.25791,1.0832,1.5732,0.88548,0.0085969,-0.70494,0.65336,-0.042984,-0.15474,-0.36107,-0.094565,-0.42984,0.068775,-0.18053
1.3067,-0.2837,-0.0085969,-0.95425,-0.5502,-0.22352,-0.68775,-1.2637,-0.5416,-0.30949,-1.1176,0.18053,-1.3325,-0.32668,-0.97144,-0.64476,0.68775,1.8311,0.18053,0.42984,0.077372,0.86828,0.37826,1.1004,-0.13755,0.84249,1.2036,0.61897,0.24071,1.0746,1.6248,0.91986,-0.0085969,-0.67915,0.63617,-0.085969,-0.15474,-0.37826,-0.13755,-0.36107,0.060178,-0.23211
1.3669,-0.32668,0.042984,-0.97144,-0.56739,-0.22352,-0.70494,-1.2551,-0.49862,-0.31808,-1.1778,0.18913,-1.3497,-0.36107,-0.98004,-0.64476,0.67915,1.8311,0.19773,0.45563,0.068775,0.8253,0.39546,1.109,-0.12036,0.8253,1.1864,0.63617,0.2751,1.0918,1.6076,0.92846,-0.042984,-0.69634,0.64476,-0.077372,-0.15474,-0.36966,-0.12036,-0.42125,0.068775,-0.19773
1.3239,-0.34387,0.017194,-0.98004,-0.5588,-0.18913,-0.68775,-1.2293,-0.49862,-0.37826,-1.2036,0.12036,-1.3497,-0.34387,-0.98004,-0.63617,0.63617,1.8397,0.22352,0.41265,0.042984,0.84249,0.38686,1.0832,-0.14615,0.90267,1.1606,0.59318,0.2837,1.0918,1.6162,0.97144,-0.042984,-0.67055,0.67915,-0.077372,-0.15474,-0.35247,-0.13755,-0.35247,0.068775,-0.17194
1.2723,-0.34387,-0.0085969,-0.96285,-0.5588,-0.19773,-0.67055,-1.2122,-0.533,-0.36107,-1.2036,0.18913,-1.3325,-0.35247,-1.0058,-0.66196,0.63617,1.8569,0.23211,0.39546,0.085969,0.8081,0.43844,1.0488,-0.14615,0.8167,1.1606,0.64476,0.24931,1.0832,1.6248,1.0488,-0.051581,-0.69634,0.67055,-0.094565,-0.13755,-0.37826,-0.15474,-0.37826,0.085969,-0.13755
1.2723,-0.30949,-0.025791,-0.99723,-0.5502,-0.18053,-0.67915,-1.2981,-0.46423,-0.33528,-1.1692,0.18053,-1.2723,-0.36966,-0.93706,-0.70494,0.65336,1.8483,0.22352,0.39546,0.034387,0.79091,0.38686,1.0746,-0.14615,0.79951,1.1348,0.61897,0.25791,1.1004,1.6334,1.0488,-0.0085969,-0.68775,0.64476,-0.060178,-0.13755,-0.31808,-0.11176,-0.37826,0.068775,-0.18913
1.3755,-0.30089,0.0085969,-1.0058,-0.5588,-0.18913,-0.68775,-1.2637,-0.533,-0.34387,-1.152,0.17194,-1.2379,-0.36966,-0.97144,-0.68775,0.69634,1.8483,0.22352,0.45563,0.025791,0.77372,0.38686,1.0746,-0.10316,0.8081,1.1606,0.57599,0.2665,1.0832,1.6592,1.0402,-0.051581,-0.70494,0.68775,-0.068775,-0.15474,-0.36107,-0.15474,-0.38686,0.025791,-0.19773
1.4529,-0.33528,-0.051581,-0.99723,-0.56739,-0.23211,-0.66196,-1.2637,-0.5588,-0.33528,-1.1348,0.20632,-1.1004,-0.36107,-0.92846,-0.67915,0.65336,1.8397,0.19773,0.43844,0.042984,0.79951,0.40405,1.0832,-0.18053,0.89407,1.1606,0.58459,0.2751,1.066,1.6248,1.023,-0.034387,-0.64476,0.68775,-0.051581,-0.17194,-0.33528,-0.085969,-0.40405,0.077372,-0.18053
1.5732,-0.38686,-0.017194,-0.98004,-0.58459,-0.24931,-0.67915,-1.2723,-0.48142,-0.36107,-1.1692,0.12895,-1.066,-0.33528,-0.89407,-0.65336,0.67915,1.8655,0.20632,0.42125,0.060178,0.85969,0.34387,1.0488,-0.12895,0.86828,1.1434,0.59318,0.30089,1.0574,1.6248,1.0058,-0.060178,-0.69634,0.65336,-0.11176,-0.16334,-0.29229,-0.12895,-0.38686,0.051581,-0.17194
1.5044,-0.48142,-0.034387,-1.0144,-0.58459,-0.21492,-0.66196,-1.2465,-0.51581,-0.32668,-1.1434,0.18913,-1.066,-0.32668,-0.8081,-0.66196,0.64476,1.8569,0.20632,0.47283,0.051581,0.8081,0.36107,1.066,-0.12036,0.83389,1.109,0.58459,0.2665,1.0746,1.642,1.023,-0.077372,-0.66196,0.67915,-0.068775,-0.14615,-0.2837,-0.094565,-0.40405,0.051581,-0.23211
1.4959,-0.533,0.0085969,-0.97144,-0.56739,-0.19773,-0.64476,-1.2895,-0.49002,-0.2837,-1.152,0.22352,-1.0746,-0.30089,-0.79091,-0.64476,0.63617,1.8827,0.22352,0.47283,0.017194,0.83389,0.41265,1.066,-0.13755,0.85109,1.1262,0.63617,0.30949,1.066,1.6678,1.023,-0.068775,-0.68775,0.66196,-0.085969,-0.15474,-0.31808,-0.11176,-0.38686,0.034387,-0.23211
1.4615,-0.5502,-0.051581,-0.97144,-0.61897,-0.18053,-0.67055,-1.2637,-0.50721,-0.33528,-1.1176,0.17194,-1.1262,-0.30089,-0.8167,-0.63617,0.65336,1.8139,0.21492,0.48142,0.068775,0.8167,0.37826,1.1004,-0.18913,0.83389,1.1434,0.60178,0.2751,1.0488,1.685,1.0832,-0.094565,-0.67055,0.63617,-0.077372,-0.18913,-0.31808,-0.11176,-0.41265,0.042984,-0.20632
1.4787,-0.44704,0.0085969,-0.93706,-0.58459,-0.22352,-0.63617,-1.2465,-0.49002,-0.30949,-1.1606,0.18913,-1.0832,-0.36966,-0.78231,-0.66196,0.60178,1.8311,0.21492,0.49862,0.077372,0.76512,0.41265,1.1176,-0.094565,0.83389,1.1348,0.57599,0.2665,0.96285,1.6678,1.0488,-0.034387,-0.66196,0.66196,-0.10316,-0.20632,-0.2837,-0.085969,-0.43844,0.042984,-0.24071
1.4959,-0.42984,0.017194,-1.023,-0.59318,-0.25791,-0.63617,-1.2637,-0.47283,-0.32668,-1.109,0.20632,-1.109,-0.31808,-0.78231,-0.66196,0.64476,1.8139,0.17194,0.50721,0.085969,0.8167,0.41265,1.0488,-0.11176,0.83389,1.1004,0.5502,0.29229,0.97144,1.6592,1.0746,-0.068775,-0.66196,0.61897,-0.10316,-0.21492,-0.2837,-0.13755,-0.43844,0.077372,-0.20632
1.4787,-0.44704,0.0085969,-1.023,-0.60178,-0.24931,-0.66196,-1.2551,-0.47283,-0.31808,-1.1262,0.17194,-1.0832,-0.34387,-0.79951,-0.65336,0.65336,1.8483,0.19773,0.49002,0.068775,0.8081,0.37826,1.0746,-0.11176,0.84249,1.109,0.57599,0.31808,0.94565,1.6764,1.109,-0.10316,-0.63617,0.67915,-0.11176,-0.12895,-0.2665,-0.12895,-0.45563,0.034387,-0.24931
1.4615,-0.41265,-0.042984,-1.0402,-0.60178,-0.21492,-0.65336,-1.2465,-0.47283,-0.31808,-1.109,0.18053,-1.109,-0.35247,-0.79951,-0.69634,0.61038,1.8483,0.19773,0.45563,0.025791,0.75652,0.37826,1.0574,-0.12895,0.84249,1.1176,0.60178,0.40405,1.0058,1.6592,1.109,-0.094565,-0.66196,0.66196,-0.12036,-0.19773,-0.2751,-0.12895,-0.42125,0.017194,-0.19773
1.4701,-0.40405,-0.017194,-1.0144,-0.59318,-0.25791,-0.64476,-1.2379,-0.43844,-0.2837,-1.0832,0.20632,-1.0918,-0.33528,-0.79951,-0.63617,0.63617,1.8483,0.21492,0.47283,0.060178,0.78231,0.39546,1.0402,-0.13755,0.8167,1.1004,0.61038,0.51581,1.0488,1.6678,1.0918,-0.12036,-0.61897,0.59318,-0.094565,-0.20632,-0.2665,-0.13755,-0.35247,0.042984,-0.23211
1.4873,-0.40405,-0.0085969,-1.0488,-0.57599,-0.24931,-0.64476,-1.2379,-0.48142,-0.36966,-1.0574,0.16334,-1.0832,-0.37826,-0.75652,-0.61038,0.63617,1.8397,0.18053,0.48142,0.025791,0.77372,0.39546,1.0832,-0.13755,0.8253,1.0918,0.61897,0.58459,1.0488,1.6076,1.1262,-0.085969,-0.61038,0.63617,-0.094565,-0.18913,-0.29229,-0.10316,-0.36107,0.0085969,-0.29229
1.4443,-0.42125,-0.025791,-1.0316,-0.60178,-0.24071,-0.64476,-1.1864,-0.44704,-0.36966,-1.0832,0.18913,-1.0918,-0.42125,-0.77372,-0.67055,0.63617,1.8225,0.20632,0.48142,0.085969,0.8253,0.41265,1.066,-0.12895,0.83389,1.066,0.64476,0.65336,1.0488,1.6592,1.0832,-0.051581,-0.59318,0.64476,-0.11176,-0.19773,-0.2837,-0.10316,-0.29229,0.017194,-0.22352
1.4873,-0.42125,-0.0085969,-1.0144,-0.60178,-0.22352,-0.65336,-1.2122,-0.45563,-0.32668,-1.0918,0.20632,-1.109,-0.33528,-0.79091,-0.65336,0.58459,1.8053,0.23211,0.49002,0.034387,0.88548,0.42984,1.0574,-0.12895,0.87688,1.0832,0.63617,0.79091,1.0746,1.6162,1.1348,-0.085969,-0.64476,0.65336,-0.16334,-0.14615,-0.23211,-0.12036,-0.2665,0.060178,-0.19773
1.4873,-0.42125,-0.060178,-1.0144,-0.60178,-0.21492,-0.64476,-1.2122,-0.46423,-0.30949,-1.0488,0.20632,-1.066,-0.29229,-0.77372,-0.66196,0.57599,1.8397,0.19773,0.5502,0.034387,0.92846,0.42984,1.0488,-0.11176,0.84249,1.109,0.62757,0.8167,1.0402,1.6592,1.109,-0.060178,-0.65336,0.60178,-0.12036,-0.15474,-0.16334,-0.13755,-0.31808,0.060178,-0.20632
1.4787,-0.41265,0,-1.0574,-0.63617,-0.2751,-0.67055,-1.2208,-0.44704,-0.2751,-0.98864,0.18053,-1.109,-0.35247,-0.8081,-0.64476,0.59318,1.8139,0.23211,0.50721,0.051581,1.0144,0.42984,1.0402,-0.14615,0.8081,1.0832,0.60178,0.79951,1.066,1.6592,1.0918,-0.085969,-0.65336,0.62757,-0.12036,-0.017194,-0.24931,-0.085969,-0.2837,0.077372,-0.21492
1.4615,-0.39546,-0.025791,-1.1004,-0.60178,-0.22352,-0.62757,-1.195,-0.44704,-0.30949,-1.0316,0.18913,-1.0832,-0.31808,-0.77372,-0.67915,0.59318,1.8569,0.17194,0.5416,0.034387,1.0058,0.40405,1.066,-0.12895,0.87688,1.1176,0.56739,0.75652,1.1348,1.6936,1.0832,-0.085969,-0.64476,0.59318,-0.12895,0.085969,-0.23211,-0.094565,-0.30089,0.034387,-0.22352
1.4959,-0.41265,-0.025791,-1.023,-0.56739,-0.24071,-0.64476,-1.1778,-0.43844,-0.30949,-1.0402,0.20632,-1.066,-0.36966,-0.8253,-0.62757,0.57599,1.8311,0.18913,0.5416,0.042984,1.1004,0.36966,1.0746,-0.12895,0.83389,1.0918,0.57599,0.74793,1.109,1.7538,1.0918,-0.034387,-0.62757,0.59318,-0.18053,0.094565,-0.21492,-0.11176,-0.30949,0.025791,-0.2665
1.5216,-0.42125,-0.025791,-1.066,-0.5588,-0.24071,-0.65336,-1.1864,-0.42125,-0.33528,-1.0574,0.19773,-1.0746,-0.37826,-0.78231,-0.62757,0.60178,1.8397,0.18053,0.57599,0.051581,1.066,0.42984,1.0316,-0.085969,0.77372,1.1004,0.63617,0.78231,1.0402,1.8311,1.152,-0.077372,-0.61038,0.60178,-0.10316,0.077372,-0.24931,-0.10316,-0.29229,0,-0.2751
1.4873,-0.42984,-0.042984,-1.1176,-0.59318,-0.23211,-0.66196,-1.1606,-0.42125,-0.30949,-1.0574,0.21492,-1.0918,-0.30949,-0.76512,-0.62757,0.5416,1.8483,0.22352,0.5502,0.025791,1.0488,0.44704,1.0746,-0.12895,0.83389,1.0574,0.60178,0.76512,1.0746,1.8741,1.1004,-0.068775,-0.66196,0.66196,-0.12895,0.085969,-0.24931,-0.10316,-0.34387,-0.051581,-0.23211
1.5216,-0.38686,-0.0085969,-1.0058,-0.5588,-0.18913,-0.67055,-1.1778,-0.43844,-0.29229,-1.0402,0.18913,-1.1176,-0.33528,-0.75652,-0.63617,0.39546,1.8569,0.18053,0.61038,-0.0085969,1.0574,0.41265,1.0144,-0.11176,0.84249,1.0402,0.5588,0.77372,1.0746,1.8999,1.1348,-0.077372,-0.65336,0.56739,-0.10316,0.060178,-0.24931,-0.12895,-0.31808,-0.068775,-0.2751
1.4959,-0.42984,-0.034387,-1.0316,-0.59318,-0.23211,-0.57599,-1.1778,-0.43844,-0.29229,-1.023,0.16334,-1.109,-0.33528,-0.79091,-0.64476,0.32668,1.7881,0.20632,0.62757,0.025791,1.023,0.42984,1.0574,-0.12895,0.83389,0.8167,0.60178,0.71354,1.109,1.9773,1.1434,-0.068775,-0.65336,0.58459,-0.077372,0.12895,-0.24931,-0.11176,-0.29229,-0.051581,-0.29229
1.5388,-0.44704,-0.025791,-1.066,-0.57599,-0.25791,-0.67055,-1.1606,-0.34387,-0.30949,-1.0488,0.15474,-1.1348,-0.33528,-0.77372,-0.63617,0.40405,1.8311,0.21492,0.58459,0.034387,1.0574,0.44704,1.023,-0.12036,0.85109,0.67055,0.59318,0.69634,1.0918,1.9171,1.1262,-0.094565,-0.64476,0.58459,0.0085969,0.068775,-0.25791,-0.12895,-0.2751,0,-0.24931
1.5388,-0.40405,-0.0085969,-1.0402,-0.5502,-0.2751,-0.69634,-1.195,-0.36966,-0.2837,-1.023,0.19773,-1.1176,-0.37826,-0.8167,-0.64476,0.43844,1.7967,0.19773,0.60178,0.017194,1.0316,0.46423,1.0402,-0.13755,0.88548,0.65336,0.58459,0.75652,1.0488,1.8913,1.152,-0.068775,-0.65336,0.5502,-0.042984,0.12036,-0.19773,-0.094565,-0.31808,0.0085969,-0.2751
1.513,-0.42984,-0.0085969,-1.0746,-0.5502,-0.22352,-0.66196,-1.1692,-0.34387,-0.30089,-1.0402,0.19773,-1.1176,-0.35247,-0.78231,-0.65336,0.47283,1.8225,0.18053,0.59318,0.16334,1.0746,0.48142,1.0316,-0.068775,0.84249,0.8253,0.58459,0.78231,1.1004,1.8999,1.109,-0.10316,-0.68775,0.52441,-0.0085969,0.11176,-0.2837,-0.13755,-0.2837,-0.025791,-0.22352
1.5474,-0.40405,-0.025791,-0.98004,-0.61897,-0.21492,-0.64476,-1.195,-0.32668,-0.2837,-1.0746,0.18053,-1.1262,-0.35247,-0.79091,-0.65336,0.47283,1.8225,0.18913,0.65336,0.24071,1.1004,0.48142,1.0316,-0.10316,0.85969,0.98004,0.63617,0.84249,1.1348,1.9343,1.1262,-0.13755,-0.65336,0.51581,-0.034387,0.10316,-0.23211,-0.11176,-0.32668,0,-0.25791
1.4959,-0.40405,-0.042984,-0.88548,-0.58459,-0.24931,-0.66196,-1.1692,-0.34387,-0.2665,-1.0488,0.15474,-1.0918,-0.33528,-0.8167,-0.65336,0.47283,1.8913,0.14615,0.64476,0.22352,1.0746,0.46423,1.0488,-0.10316,0.83389,0.94565,0.58459,0.74793,1.109,1.9343,1.1434,-0.068775,-0.67055,0.51581,-0.025791,0.13755,-0.24071,-0.13755,-0.30949,-0.017194,-0.2665
1.5474,-0.39546,-0.025791,-0.91986,-0.58459,-0.24071,-0.61897,-1.1692,-0.33528,-0.25791,-0.99723,0.12895,-1.1606,-0.33528,-0.79951,-0.66196,0.48142,1.8311,0.10316,0.61897,0.20632,1.0832,0.48142,1.0402,-0.077372,0.79091,0.98004,0.57599,0.76512,1.109,1.9601,1.0918,-0.10316,-0.69634,0.52441,-0.025791,0.14615,-0.20632,-0.12036,-0.32668,0.034387,-0.24071
1.5388,-0.41265,-0.042984,-0.90267,-0.56739,-0.2837,-0.63617,-1.195,-0.30089,-0.2665,-0.94565,0.18053,-1.1434,-0.31808,-0.78231,-0.62757,0.50721,1.8311,0.12895,0.63617,0.20632,1.109,0.48142,1.1004,-0.068775,0.83389,0.99723,0.61038,0.73933,1.109,1.9171,1.1434,-0.077372,-0.68775,0.49862,-0.0085969,0.12036,-0.19773,-0.094565,-0.31808,-0.025791,-0.20632
1.5302,-0.42984,-0.025791,-0.83389,-0.56739,-0.33528,-0.62757,-1.152,-0.2665,-0.31808,-1.0058,0.15474,-1.109,-0.32668,-0.79951,-0.60178,0.49862,1.8397,0.15474,0.62757,0.21492,1.1262,0.46423,1.023,-0.0085969,0.87688,0.94565,0.56739,0.78231,1.1004,1.9773,1.1348,-0.13755,-0.70494,0.47283,-0.042984,0.12036,-0.24931,-0.12895,-0.36966,0.051581,-0.21492
1.4701,-0.39546,-0.085969,-0.85109,-0.5588,-0.2837,-0.69634,-1.1864,-0.30949,-0.29229,-0.97144,0.17194,-1.1176,-0.2751,-0.79951,-0.62757,0.49862,1.8311,0.13755,0.64476,0.24071,1.066,0.46423,1.0316,0.017194,0.8253,0.96285,0.57599,0.78231,1.1176,1.9429,1.1262,-0.060178,-0.70494,0.46423,-0.051581,0.094565,-0.24071,-0.14615,-0.33528,0.017194,-0.22352
1.4787,-0.43844,-0.034387,-0.77372,-0.60178,-0.24931,-0.67055,-1.1176,-0.24931,-0.29229,-0.98864,0.14615,-1.1434,-0.33528,-0.8253,-0.62757,0.40405,1.8483,0.13755,0.65336,0.25791,1.109,0.45563,1.0316,0.025791,0.8253,0.95425,0.56739,0.77372,1.1176,1.9343,1.1348,-0.10316,-0.70494,0.49862,-0.051581,0.094565,-0.25791,-0.12036,-0.33528,-0.0085969,-0.16334
1.5302,-0.42984,-0.042984,-0.79091,-0.533,-0.2665,-0.67055,-1.1778,-0.23211,-0.31808,-0.97144,0.094565,-1.1262,-0.31808,-0.74793,-0.61038,0.43844,1.8225,0.15474,0.67055,0.2751,1.1004,0.43844,1.0316,0.068775,0.84249,0.94565,0.58459,0.73073,1.109,1.9687,1.1262,-0.12895,-0.68775,0.47283,-0.034387,0.085969,-0.2751,-0.12895,-0.33528,-0.042984,-0.17194
1.5388,-0.45563,-0.034387,-0.77372,-0.51581,-0.24931,-0.66196,-1.1778,-0.2665,-0.2837,-0.98864,0.11176,-1.152,-0.35247,-0.8081,-0.63617,0.46423,1.8139,0.13755,0.76512,0.2665,1.1004,0.45563,1.0316,0.025791,0.84249,0.98004,0.60178,0.74793,1.1262,1.9687,1.1262,-0.11176,-0.67055,0.46423,-0.051581,0.14615,-0.20632,-0.15474,-0.35247,-0.025791,-0.19773
1.513,-0.42125,-0.060178,-0.8167,-0.5416,-0.24071,-0.66196,-1.2122,-0.36966,-0.29229,-0.96285,0.10316,-1.1176,-0.36107,-0.73933,-0.65336,0.48142,1.8311,0.15474,0.87688,0.2665,1.109,0.36107,1.0488,0.060178,0.87688,0.94565,0.63617,0.76512,1.109,1.9515,1.152,-0.051581,-0.65336,0.43844,-0.068775,0.13755,-0.24931,-0.11176,-0.30089,-0.017194,-0.094565
1.5302,-0.43844,-0.051581,-0.8081,-0.52441,-0.2665,-0.67055,-1.1778,-0.49002,-0.24071,-0.97144,0.14615,-1.1778,-0.32668,-0.79951,-0.67915,0.47283,1.8053,0.14615,0.97144,0.29229,1.0832,0.43844,1.0144,0.085969,0.85969,0.89407,0.61897,0.79091,1.1004,1.9601,1.1348,-0.077372,-0.66196,0.44704,-0.068775,0.11176,-0.2665,-0.12895,-0.32668,-0.042984,-0.16334
1.513,-0.41265,-0.025791,-0.73933,-0.58459,-0.25791,-0.66196,-1.2208,-0.40405,-0.2751,-0.93706,0.13755,-1.1348,-0.31808,-0.79951,-0.65336,0.46423,1.8139,0.11176,1.0832,0.2837,1.109,0.57599,1.0316,0.051581,0.83389,0.91127,0.61038,0.77372,1.109,1.9429,1.152,-0.085969,-0.71354,0.44704,-0.060178,0.12036,-0.24071,-0.15474,-0.32668,0.034387,-0.17194
1.4959,-0.41265,-0.034387,-0.76512,-0.62757,-0.2665,-0.64476,-1.1864,-0.32668,-0.2665,-0.95425,0.13755,-1.1606,-0.36107,-0.8167,-0.62757,0.49002,1.8139,0.077372,1.066,0.23211,1.1176,0.63617,1.0746,0.10316,0.8081,0.91127,0.47283,0.78231,1.1262,1.9601,1.1606,-0.077372,-0.71354,0.37826,-0.034387,0.17194,-0.24071,-0.12895,-0.32668,0,-0.14615
1.5388,-0.41265,-0.034387,-0.73073,-0.52441,-0.2665,-0.66196,-1.1692,-0.24931,-0.22352,-0.93706,0.068775,-1.1606,-0.39546,-0.79951,-0.66196,0.50721,1.8053,0.060178,1.066,0.2665,1.109,0.66196,1.0402,0.068775,0.84249,0.87688,0.43844,0.77372,1.1778,1.9171,1.1606,-0.085969,-0.70494,0.39546,-0.068775,0.13755,-0.2837,-0.15474,-0.32668,-0.060178,-0.12895
1.5646,-0.46423,-0.060178,-0.79091,-0.56739,-0.30089,-0.69634,-1.195,-0.19773,-0.29229,-0.91986,0.10316,-1.1434,-0.36966,-0.79091,-0.64476,0.47283,1.8139,0.11176,1.0144,0.2837,1.1348,0.67055,1.0316,0.068775,0.85969,0.85969,0.44704,0.8167,1.1348,1.9515,1.1692,-0.10316,-0.67055,0.35247,-0.025791,0.22352,-0.22352,-0.14615,-0.33528,-0.077372,-0.15474
1.513,-0.44704,-0.051581,-0.8167,-0.5588,-0.2665,-0.71354,-1.1692,-0.24071,-0.24071,-0.92846,0.11176,-1.1692,-0.34387,-0.78231,-0.64476,0.45563,1.771,0.042984,1.0402,0.30089,1.1434,0.65336,1.109,0.060178,0.8167,0.85969,0.58459,0.79091,1.109,1.9515,1.1692,-0.10316,-0.68775,0.37826,-0.034387,0.13755,-0.24071,-0.24071,-0.35247,-0.034387,-0.16334
1.4959,-0.41265,-0.060178,-0.75652,-0.56739,-0.30089,-0.64476,-1.1434,-0.2665,-0.24931,-0.93706,0.11176,-1.2036,-0.33528,-0.73073,-0.67055,0.44704,1.8225,0.085969,1.0746,0.29229,1.0918,0.67055,1.0144,0.051581,0.8253,0.88548,0.68775,0.79091,1.152,1.9343,1.1778,-0.12036,-0.68775,0.38686,-0.077372,0.16334,-0.22352,-0.40405,-0.34387,-0.0085969,-0.12895
1.513,-0.45563,-0.034387,-0.78231,-0.59318,-0.25791,-0.67055,-1.1692,-0.2837,-0.29229,-0.91986,0.077372,-1.1778,-0.33528,-0.76512,-0.64476,0.46423,1.7967,0.068775,1.066,0.33528,1.109,0.62757,1.066,0.077372,0.84249,0.92846,0.70494,0.78231,1.1262,1.9601,1.0832,-0.11176,-0.69634,0.31808,-0.060178,0.12895,-0.24931,-0.42984,-0.35247,-0.025791,-0.18053
1.5216,-0.47283,-0.060178,-0.75652,-0.533,-0.2751,-0.65336,-1.1606,-0.20632,-0.2665,-0.89407,0.068775,-1.1606,-0.34387,-0.76512,-0.67055,0.49862,1.7881,0.085969,1.0488,0.31808,1.109,0.61897,1.0316,0.068775,0.79091,0.91127,0.68775,0.8081,1.1348,1.9515,1.0832,-0.068775,-0.70494,0.36966,-0.060178,0.18053,-0.24931,-0.23211,-0.35247,-0.017194,-0.13755
1.5388,-0.46423,-0.077372,-0.78231,-0.5588,-0.24071,-0.67055,-1.195,-0.24931,-0.31808,-0.88548,0.085969,-1.195,-0.34387,-0.77372,-0.64476,0.48142,1.771,0.077372,1.0488,0.34387,1.1348,0.63617,0.99723,0.077372,0.84249,0.83389,0.74793,0.8081,1.152,1.9515,1.109,-0.10316,-0.67055,0.33528,-0.060178,0.16334,-0.25791,-0.077372,-0.35247,-0.060178,-0.14615
1.513,-0.45563,-0.060178,-0.77372,-0.51581,-0.25791,-0.66196,-1.2122,-0.24071,-0.2751,-0.93706,0.10316,-1.1778,-0.30949,-0.77372,-0.62757,0.46423,1.771,0.042984,1.0316,0.34387,1.1348,0.64476,1.066,0.051581,0.8081,0.90267,0.70494,0.79951,1.1434,1.9773,1.0832,-0.077372,-0.57599,0.32668,-0.068775,0.18053,-0.25791,-0.017194,-0.37826,-0.042984,-0.15474
1.513,-0.43844,-0.068775,-0.75652,-0.52441,-0.2751,-0.63617,-1.1864,-0.20632,-0.24931,-0.93706,0.17194,-1.1692,-0.32668,-0.69634,-0.67915,0.48142,1.771,0.060178,1.066,0.33528,1.1434,0.65336,0.99723,0.025791,0.8081,0.89407,0.70494,0.83389,1.1176,1.9601,1.066,-0.017194,-0.59318,0.38686,-0.068775,0.20632,-0.23211,-0.017194,-0.36966,-0.051581,-0.14615
1.4701,-0.43844,-0.042984,-0.76512,-0.51581,-0.25791,-0.65336,-1.1864,-0.22352,-0.20632,-0.95425,0.2837,-1.1692,-0.40405,-0.74793,-0.66196,0.47283,1.771,0.051581,1.0746,0.32668,1.1176,0.65336,1.0144,0.042984,0.79951,0.85969,0.73933,0.76512,1.109,1.9429,1.0746,-0.068775,-0.69634,0.34387,-0.077372,0.18913,-0.30949,-0.051581,-0.38686,-0.0085969,-0.13755
1.5646,-0.45563,-0.017194,-0.76512,-0.5502,-0.33528,-0.64476,-1.1778,-0.2837,-0.20632,-0.89407,0.2837,-1.195,-0.46423,-0.71354,-0.63617,0.49862,1.7795,0,1.0574,0.29229,1.1778,0.64476,1.0316,0.060178,0.85109,0.84249,0.73933,0.8167,1.1262,1.9687,1.1004,-0.060178,-0.67055,0.32668,-0.077372,0.18053,-0.2665,-0.051581,-0.39546,-0.017194,-0.17194
1.5216,-0.46423,-0.042984,-0.75652,-0.51581,-0.30089,-0.61897,-1.195,-0.25791,-0.22352,-0.96285,0.21492,-1.1692,-0.43844,-0.74793,-0.62757,0.48142,1.7366,0.060178,1.066,0.35247,1.1176,0.59318,1.0058,0.10316,0.79091,0.83389,0.73933,0.8253,1.1176,1.9773,1.0832,-0.077372,-0.66196,0.34387,-0.085969,0.16334,-0.2837,-0.060178,-0.39546,-0.034387,-0.16334
1.5302,-0.46423,-0.085969,-0.75652,-0.5416,-0.29229,-0.64476,-1.1606,-0.20632,-0.22352,-0.94565,0.19773,-1.152,-0.34387,-0.76512,-0.66196,0.51581,1.7452,0.017194,1.1004,0.34387,1.1176,0.67055,1.0316,0.077372,0.8167,0.83389,0.75652,0.8081,1.109,1.9773,1.0574,-0.094565,-0.62757,0.30949,-0.060178,0.17194,-0.39546,-0.060178,-0.40405,-0.017194,-0.12895
1.4959,-0.44704,-0.060178,-0.73073,-0.5588,-0.31808,-0.64476,-1.1348,-0.23211,-0.23211,-0.92846,0.18053,-1.2293,-0.30089,-0.73933,-0.58459,0.50721,1.728,0.060178,1.0746,0.35247,1.109,0.63617,1.0058,0.068775,0.8081,0.85109,0.74793,0.84249,1.0918,2.0203,1.0402,-0.094565,-0.63617,0.29229,-0.060178,0.15474,-0.40405,-0.051581,-0.41265,0,-0.16334
1.5044,-0.43844,-0.085969,-0.75652,-0.56739,-0.33528,-0.62757,-1.152,-0.24931,-0.22352,-0.98004,0.21492,-1.2122,-0.2837,-0.70494,-0.61897,0.45563,1.7366,0.034387,1.0918,0.35247,1.109,0.67055,0.98864,0.068775,0.77372,0.85109,0.71354,0.8253,1.1176,1.9945,1.0832,-0.034387,-0.59318,0.30089,-0.051581,0.17194,-0.37826,-0.11176,-0.42984,-0.042984,-0.14615
1.4959,-0.47283,-0.060178,-0.77372,-0.51581,-0.33528,-0.62757,-1.152,-0.21492,-0.21492,-0.94565,0.21492,-1.195,-0.25791,-0.69634,-0.66196,0.51581,1.7366,0.060178,1.1004,0.36966,1.1262,0.65336,1.0574,0.077372,0.77372,0.8081,0.73073,0.8167,1.0832,1.9601,1.0746,-0.060178,-0.61897,0.2665,-0.077372,0.18913,-0.34387,-0.094565,-0.38686,-0.0085969,-0.15474
1.4959,-0.42984,-0.060178,-0.74793,-0.50721,-0.30089,-0.62757,-1.1864,-0.20632,-0.19773,-0.93706,0.14615,-1.1864,-0.30949,-0.68775,-0.63617,0.49002,1.7967,0.060178,1.1004,0.36966,1.1262,0.62757,1.0316,0.12895,0.76512,0.75652,0.75652,0.8253,1.109,1.9515,1.0746,-0.077372,-0.61897,0.2665,-0.10316,0.18913,-0.34387,-0.068775,-0.40405,0,-0.13755
1.5388,-0.45563,-0.077372,-0.67915,-0.58459,-0.2837,-0.63617,-1.1434,-0.21492,-0.23211,-0.96285,0.15474,-1.2036,-0.2837,-0.71354,-0.61038,0.48142,1.7538,0.042984,1.0574,0.36107,1.1262,0.61038,0.97144,0.12036,0.77372,0.8081,0.73073,0.8167,1.0832,1.9343,1.0488,-0.051581,-0.61897,0.24071,-0.12895,0.22352,-0.33528,-0.077372,-0.39546,-0.017194,-0.18053
1.4873,-0.46423,-0.068775,-0.71354,-0.49862,-0.30089,-0.62757,-1.1004,-0.23211,-0.21492,-0.95425,0.18053,-1.1864,-0.30949,-0.71354,-0.61038,0.49862,1.7366,0.042984,1.0488,0.37826,1.1348,0.61897,0.98004,0.11176,0.78231,0.8167,0.76512,0.83389,1.0918,1.9773,1.0746,-0.11176,-0.60178,0.24071,-0.11176,0.22352,-0.31808,-0.060178,-0.41265,-0.017194,-0.12895
1.4701,-0.43844,-0.025791,-0.72214,-0.533,-0.32668,-0.62757,-1.1262,-0.25791,-0.17194,-0.98004,0.16334,-1.2122,-0.2837,-0.70494,-0.65336,0.49862,1.7366,0.042984,1.0832,0.38686,1.1262,0.62757,0.98864,0.10316,0.83389,0.79951,0.78231,0.8253,1.0832,1.9601,1.0918,-0.085969,-0.63617,0.24931,-0.094565,0.23211,-0.36107,-0.11176,-0.38686,-0.017194,-0.15474
1.4701,-0.42984,-0.017194,-0.68775,-0.52441,-0.30949,-0.61897,-1.152,-0.18053,-0.22352,-0.98004,0.17194,-1.1606,-0.24071,-0.67055,-0.62757,0.533,1.7452,0.051581,1.0832,0.34387,1.0832,0.62757,1.0316,0.094565,0.79951,0.77372,0.74793,0.79951,1.0574,1.9687,1.1434,-0.042984,-0.61038,0.24931,-0.11176,0.21492,-0.2837,-0.068775,-0.38686,-0.034387,-0.13755
1.4959,-0.44704,-0.034387,-0.74793,-0.5416,-0.2665,-0.63617,-1.1348,-0.23211,-0.18913,-0.98004,0.18053,-1.2036,-0.24071,-0.69634,-0.66196,0.533,1.6506,0.025791,1.0918,0.36966,1.152,0.61038,1.0316,0.077372,0.8081,0.74793,0.74793,0.8081,1.0746,1.9945,1.1004,-0.042984,-0.62757,0.23211,-0.085969,0.21492,-0.2837,-0.060178,-0.37826,0,-0.12895
1.513,-0.46423,-0.034387,-0.8167,-0.5416,-0.24931,-0.63617,-1.1176,-0.23211,-0.21492,-0.98864,0.14615,-1.1692,-0.24071,-0.70494,-0.62757,0.533,1.6506,0.017194,1.0574,0.40405,1.1434,0.63617,1.0144,0.094565,0.8167,0.73933,0.79091,0.84249,1.066,1.9601,1.0918,-0.034387,-0.60178,0.22352,-0.077372,0.18053,-0.30949,-0.10316,-0.39546,0,-0.15474
1.4873,-0.45563,-0.077372,-0.86828,-0.49862,-0.30949,-0.63617,-1.109,-0.24931,-0.18053,-0.96285,0.16334,-1.1606,-0.2665,-0.70494,-0.62757,0.49862,1.7108,0.034387,1.1348,0.36107,1.1606,0.61038,0.99723,0.10316,0.72214,0.75652,0.77372,0.85969,1.066,1.9945,1.0746,-0.025791,-0.63617,0.17194,-0.10316,0.22352,-0.2751,-0.10316,-0.38686,0,-0.16334
1.4959,-0.43844,-0.025791,-1.0058,-0.533,-0.2665,-0.65336,-1.0918,-0.2665,-0.21492,-0.99723,0.16334,-1.2036,-0.24931,-0.74793,-0.61897,0.533,1.771,0.034387,1.1262,0.36966,1.1176,0.56739,1.0058,0.085969,0.78231,0.78231,0.70494,0.83389,1.066,1.9601,1.0832,-0.025791,-0.63617,0.16334,-0.12895,0.20632,-0.2665,-0.11176,-0.39546,0.025791,-0.16334
1.5388,-0.45563,-0.042984,-1.0402,-0.5502,-0.2837,-0.62757,-1.109,-0.23211,-0.18913,-1.0316,0.14615,-1.2208,-0.29229,-0.70494,-0.63617,0.51581,1.8139,0.051581,1.109,0.44704,1.109,0.5502,1.0058,0.10316,0.8167,0.83389,0.73073,0.8253,1.0918,2.0203,1.0488,-0.025791,-0.61897,0.15474,-0.12895,0.2751,-0.31808,-0.15474,-0.38686,0,-0.18053
1.4873,-0.44704,-0.060178,-1.066,-0.533,-0.25791,-0.61897,-1.1004,-0.22352,-0.22352,-0.97144,0.16334,-1.2208,-0.2751,-0.69634,-0.58459,0.52441,1.8397,0.034387,1.109,0.44704,1.1176,0.56739,0.99723,0.085969,0.86828,0.75652,0.75652,0.85969,1.0918,1.9601,1.1004,-0.017194,-0.62757,0.15474,-0.12895,0.22352,-0.2665,-0.13755,-0.38686,-0.0085969,-0.17194
